performance_id,portfolio_id,as_of_date,beginning_value,ending_value,return_amount,return_percent
PERF100001,P10001,2025-09-30,1634624.32,1614134.38,-20489.94,-1.2535
PERF100002,P10001,2025-10-30,1614134.38,1574120.59,-40013.79,-2.479
PERF100003,P10001,2025-11-29,1574120.59,1623250.05,49129.46,3.1211
PERF100004,P10001,2025-12-29,1623250.05,1639342.88,16092.83,0.9914
PERF100005,P10001,2026-01-28,1639342.88,1639062.33,-280.55,-0.0171
PERF100006,P10001,2026-02-27,1639062.33,1664550.64,25488.31,1.5551
PERF100007,P10001,2026-03-29,1664550.64,1645508.02,-19042.62,-1.144
PERF100008,P10001,2026-04-28,1645508.02,1626463.04,-19044.98,-1.1574
PERF100009,P10001,2026-05-28,1626463.04,1634863.04,8400.0,0.5165
PERF100010,P10001,2026-06-27,1634863.04,1724245.68,89382.64,5.4673
PERF100011,P10001,2026-07-27,1724245.68,1708213.5,-16032.18,-0.9298
PERF100012,P10001,2026-08-26,1708213.5,1789324.78,81111.28,4.7483
PERF100013,P10002,2025-09-30,760070.36,767069.1,6998.74,0.9208
PERF100014,P10002,2025-10-30,767069.1,748688.11,-18380.99,-2.3963
PERF100015,P10002,2025-11-29,748688.11,779949.11,31261.0,4.1754
PERF100016,P10002,2025-12-29,779949.11,784382.22,4433.11,0.5684
PERF100017,P10002,2026-01-28,784382.22,820370.55,35988.33,4.5881
PERF100018,P10002,2026-02-27,820370.55,824521.63,4151.08,0.506
PERF100019,P10002,2026-03-29,824521.63,802178.06,-22343.57,-2.7099
PERF100020,P10002,2026-04-28,802178.06,823334.41,21156.35,2.6374
PERF100021,P10002,2026-05-28,823334.41,857170.91,33836.5,4.1097
PERF100022,P10002,2026-06-27,857170.91,851824.65,-5346.26,-0.6237
PERF100023,P10002,2026-07-27,851824.65,848645.88,-3178.77,-0.3732
PERF100024,P10002,2026-08-26,848645.88,823903.2,-24742.68,-2.9155
PERF100025,P10003,2025-09-30,1867530.91,1893294.29,25763.38,1.3795
PERF100026,P10003,2025-10-30,1893294.29,1978908.78,85614.49,4.522
PERF100027,P10003,2025-11-29,1978908.78,2061276.08,82367.3,4.1623
PERF100028,P10003,2025-12-29,2061276.08,2121182.57,59906.49,2.9063
PERF100029,P10003,2026-01-28,2121182.57,2223973.38,102790.81,4.8459
PERF100030,P10003,2026-02-27,2223973.38,2273774.82,49801.44,2.2393
PERF100031,P10003,2026-03-29,2273774.82,2356614.52,82839.7,3.6433
PERF100032,P10003,2026-04-28,2356614.52,2382037.72,25423.2,1.0788
PERF100033,P10003,2026-05-28,2382037.72,2324684.49,-57353.23,-2.4077
PERF100034,P10003,2026-06-27,2324684.49,2285369.97,-39314.52,-1.6912
PERF100035,P10003,2026-07-27,2285369.97,2233946.67,-51423.3,-2.2501
PERF100036,P10003,2026-08-26,2233946.67,2314667.15,80720.48,3.6134
PERF100037,P10004,2025-09-30,2241230.96,2168089.65,-73141.31,-3.2634
PERF100038,P10004,2025-10-30,2168089.65,2200311.65,32222.0,1.4862
PERF100039,P10004,2025-11-29,2200311.65,2196355.5,-3956.15,-0.1798
PERF100040,P10004,2025-12-29,2196355.5,2278344.47,81988.97,3.733
PERF100041,P10004,2026-01-28,2278344.47,2311718.17,33373.7,1.4648
PERF100042,P10004,2026-02-27,2311718.17,2358126.73,46408.56,2.0075
PERF100043,P10004,2026-03-29,2358126.73,2293889.93,-64236.8,-2.7241
PERF100044,P10004,2026-04-28,2293889.93,2277456.88,-16433.05,-0.7164
PERF100045,P10004,2026-05-28,2277456.88,2402634.0,125177.12,5.4964
PERF100046,P10004,2026-06-27,2402634.0,2473988.07,71354.07,2.9698
PERF100047,P10004,2026-07-27,2473988.07,2504449.32,30461.25,1.2313
PERF100048,P10004,2026-08-26,2504449.32,2590163.62,85714.3,3.4225
PERF100049,P10005,2025-09-30,1112612.37,1156116.12,43503.75,3.9101
PERF100050,P10005,2025-10-30,1156116.12,1123325.85,-32790.27,-2.8362
PERF100051,P10005,2025-11-29,1123325.85,1182316.38,58990.53,5.2514
PERF100052,P10005,2025-12-29,1182316.38,1209285.58,26969.2,2.281
PERF100053,P10005,2026-01-28,1209285.58,1215933.87,6648.29,0.5498
PERF100054,P10005,2026-02-27,1215933.87,1247803.26,31869.39,2.621
PERF100055,P10005,2026-03-29,1247803.26,1242819.95,-4983.31,-0.3994
PERF100056,P10005,2026-04-28,1242819.95,1297524.43,54704.48,4.4016
PERF100057,P10005,2026-05-28,1297524.43,1343227.99,45703.56,3.5224
PERF100058,P10005,2026-06-27,1343227.99,1373560.03,30332.04,2.2581
PERF100059,P10005,2026-07-27,1373560.03,1347979.79,-25580.24,-1.8623
PERF100060,P10005,2026-08-26,1347979.79,1418025.96,70046.17,5.1964
PERF100061,P10006,2025-09-30,624731.14,627189.86,2458.72,0.3936
PERF100062,P10006,2025-10-30,627189.86,656645.27,29455.41,4.6964
PERF100063,P10006,2025-11-29,656645.27,636937.48,-19707.79,-3.0013
PERF100064,P10006,2025-12-29,636937.48,621762.13,-15175.35,-2.3825
PERF100065,P10006,2026-01-28,621762.13,608562.99,-13199.14,-2.1229
PERF100066,P10006,2026-02-27,608562.99,596281.66,-12281.33,-2.0181
PERF100067,P10006,2026-03-29,596281.66,592727.5,-3554.16,-0.5961
PERF100068,P10006,2026-04-28,592727.5,609821.7,17094.2,2.884
PERF100069,P10006,2026-05-28,609821.7,607469.06,-2352.64,-0.3858
PERF100070,P10006,2026-06-27,607469.06,637648.95,30179.89,4.9681
PERF100071,P10006,2026-07-27,637648.95,666689.61,29040.66,4.5543
PERF100072,P10006,2026-08-26,666689.61,694113.24,27423.63,4.1134
PERF100073,P10007,2025-09-30,163686.33,161649.17,-2037.16,-1.2446
PERF100074,P10007,2025-10-30,161649.17,165230.53,3581.36,2.2155
PERF100075,P10007,2025-11-29,165230.53,167638.89,2408.36,1.4576
PERF100076,P10007,2025-12-29,167638.89,163660.04,-3978.85,-2.3735
PERF100077,P10007,2026-01-28,163660.04,162392.36,-1267.68,-0.7746
PERF100078,P10007,2026-02-27,162392.36,164505.58,2113.22,1.3013
PERF100079,P10007,2026-03-29,164505.58,166188.73,1683.15,1.0232
PERF100080,P10007,2026-04-28,166188.73,162894.41,-3294.32,-1.9823
PERF100081,P10007,2026-05-28,162894.41,170997.53,8103.12,4.9745
PERF100082,P10007,2026-06-27,170997.53,167385.63,-3611.9,-2.1123
PERF100083,P10007,2026-07-27,167385.63,171450.75,4065.12,2.4286
PERF100084,P10007,2026-08-26,171450.75,176569.75,5119.0,2.9857
PERF100085,P10008,2025-09-30,1659722.65,1692025.0,32302.35,1.9462
PERF100086,P10008,2025-10-30,1692025.0,1761106.49,69081.49,4.0828
PERF100087,P10008,2025-11-29,1761106.49,1788800.99,27694.5,1.5726
PERF100088,P10008,2025-12-29,1788800.99,1859049.47,70248.48,3.9271
PERF100089,P10008,2026-01-28,1859049.47,1798730.03,-60319.44,-3.2446
PERF100090,P10008,2026-02-27,1798730.03,1743134.09,-55595.94,-3.0908
PERF100091,P10008,2026-03-29,1743134.09,1782756.99,39622.9,2.2731
PERF100092,P10008,2026-04-28,1782756.99,1812902.36,30145.37,1.6909
PERF100093,P10008,2026-05-28,1812902.36,1855689.93,42787.57,2.3602
PERF100094,P10008,2026-06-27,1855689.93,1918832.21,63142.28,3.4026
PERF100095,P10008,2026-07-27,1918832.21,1923615.5,4783.29,0.2493
PERF100096,P10008,2026-08-26,1923615.5,1966914.56,43299.06,2.2509
PERF100097,P10009,2025-09-30,629057.49,635236.99,6179.5,0.9823
PERF100098,P10009,2025-10-30,635236.99,648859.5,13622.51,2.1445
PERF100099,P10009,2025-11-29,648859.5,643065.48,-5794.02,-0.893
PERF100100,P10009,2025-12-29,643065.48,675925.17,32859.69,5.1099
PERF100101,P10009,2026-01-28,675925.17,681646.9,5721.73,0.8465
PERF100102,P10009,2026-02-27,681646.9,707155.45,25508.55,3.7422
PERF100103,P10009,2026-03-29,707155.45,726000.56,18845.11,2.6649
PERF100104,P10009,2026-04-28,726000.56,720024.88,-5975.68,-0.8231
PERF100105,P10009,2026-05-28,720024.88,699552.82,-20472.06,-2.8432
PERF100106,P10009,2026-06-27,699552.82,678840.58,-20712.24,-2.9608
PERF100107,P10009,2026-07-27,678840.58,681939.14,3098.56,0.4564
PERF100108,P10009,2026-08-26,681939.14,687791.95,5852.81,0.8583
PERF100109,P10010,2025-09-30,2042633.1,2008647.92,-33985.18,-1.6638
PERF100110,P10010,2025-10-30,2008647.92,2048016.26,39368.34,1.9599
PERF100111,P10010,2025-11-29,2048016.26,2033951.35,-14064.91,-0.6868
PERF100112,P10010,2025-12-29,2033951.35,2094263.42,60312.07,2.9653
PERF100113,P10010,2026-01-28,2094263.42,2159348.89,65085.47,3.1078
PERF100114,P10010,2026-02-27,2159348.89,2251056.36,91707.47,4.247
PERF100115,P10010,2026-03-29,2251056.36,2369875.38,118819.02,5.2784
PERF100116,P10010,2026-04-28,2369875.38,2314820.7,-55054.68,-2.3231
PERF100117,P10010,2026-05-28,2314820.7,2310998.05,-3822.65,-0.1651
PERF100118,P10010,2026-06-27,2310998.05,2346930.86,35932.81,1.5549
PERF100119,P10010,2026-07-27,2346930.86,2332193.14,-14737.72,-0.628
PERF100120,P10010,2026-08-26,2332193.14,2348477.75,16284.61,0.6983
PERF100121,P10011,2025-09-30,2033966.2,2011739.93,-22226.27,-1.0928
PERF100122,P10011,2025-10-30,2011739.93,1986216.38,-25523.55,-1.2687
PERF100123,P10011,2025-11-29,1986216.38,1934004.81,-52211.57,-2.6287
PERF100124,P10011,2025-12-29,1934004.81,1916829.07,-17175.74,-0.8881
PERF100125,P10011,2026-01-28,1916829.07,1916011.51,-817.56,-0.0427
PERF100126,P10011,2026-02-27,1916011.51,1955067.43,39055.92,2.0384
PERF100127,P10011,2026-03-29,1955067.43,1930324.73,-24742.7,-1.2656
PERF100128,P10011,2026-04-28,1930324.73,2013092.57,82767.84,4.2878
PERF100129,P10011,2026-05-28,2013092.57,1971568.45,-41524.12,-2.0627
PERF100130,P10011,2026-06-27,1971568.45,1960664.15,-10904.3,-0.5531
PERF100131,P10011,2026-07-27,1960664.15,1993979.43,33315.28,1.6992
PERF100132,P10011,2026-08-26,1993979.43,1980309.39,-13670.04,-0.6856
PERF100133,P10012,2025-09-30,916601.24,947473.22,30871.98,3.3681
PERF100134,P10012,2025-10-30,947473.22,956800.05,9326.83,0.9844
PERF100135,P10012,2025-11-29,956800.05,967636.04,10835.99,1.1325
PERF100136,P10012,2025-12-29,967636.04,977204.39,9568.35,0.9888
PERF100137,P10012,2026-01-28,977204.39,970137.88,-7066.51,-0.7231
PERF100138,P10012,2026-02-27,970137.88,938206.63,-31931.25,-3.2914
PERF100139,P10012,2026-03-29,938206.63,985183.53,46976.9,5.0071
PERF100140,P10012,2026-04-28,985183.53,995518.11,10334.58,1.049
PERF100141,P10012,2026-05-28,995518.11,1047286.84,51768.73,5.2002
PERF100142,P10012,2026-06-27,1047286.84,1030910.41,-16376.43,-1.5637
PERF100143,P10012,2026-07-27,1030910.41,1027570.84,-3339.57,-0.3239
PERF100144,P10012,2026-08-26,1027570.84,996279.91,-31290.93,-3.0451
PERF100145,P10013,2025-09-30,2397311.37,2420182.87,22871.5,0.954
PERF100146,P10013,2025-10-30,2420182.87,2527664.53,107481.66,4.4411
PERF100147,P10013,2025-11-29,2527664.53,2588033.76,60369.23,2.3883
PERF100148,P10013,2025-12-29,2588033.76,2607063.1,19029.34,0.7353
PERF100149,P10013,2026-01-28,2607063.1,2641742.69,34679.59,1.3302
PERF100150,P10013,2026-02-27,2641742.69,2750702.72,108960.03,4.1246
PERF100151,P10013,2026-03-29,2750702.72,2761110.0,10407.28,0.3783
PERF100152,P10013,2026-04-28,2761110.0,2883761.31,122651.31,4.4421
PERF100153,P10013,2026-05-28,2883761.31,2971646.03,87884.72,3.0476
PERF100154,P10013,2026-06-27,2971646.03,3071930.49,100284.46,3.3747
PERF100155,P10013,2026-07-27,3071930.49,3065584.99,-6345.5,-0.2066
PERF100156,P10013,2026-08-26,3065584.99,3068811.05,3226.06,0.1052
PERF100157,P10014,2025-09-30,322590.02,327856.41,5266.39,1.6325
PERF100158,P10014,2025-10-30,327856.41,322125.14,-5731.27,-1.7481
PERF100159,P10014,2025-11-29,322125.14,326889.39,4764.25,1.479
PERF100160,P10014,2025-12-29,326889.39,317611.57,-9277.82,-2.8382
PERF100161,P10014,2026-01-28,317611.57,320909.33,3297.76,1.0383
PERF100162,P10014,2026-02-27,320909.33,331754.9,10845.57,3.3796
PERF100163,P10014,2026-03-29,331754.9,328495.36,-3259.54,-0.9825
PERF100164,P10014,2026-04-28,328495.36,346240.08,17744.72,5.4018
PERF100165,P10014,2026-05-28,346240.08,355323.99,9083.91,2.6236
PERF100166,P10014,2026-06-27,355323.99,346687.13,-8636.86,-2.4307
PERF100167,P10014,2026-07-27,346687.13,364977.46,18290.33,5.2757
PERF100168,P10014,2026-08-26,364977.46,365142.19,164.73,0.0451
PERF100169,P10015,2025-09-30,2133986.48,2211963.95,77977.47,3.6541
PERF100170,P10015,2025-10-30,2211963.95,2202049.21,-9914.74,-0.4482
PERF100171,P10015,2025-11-29,2202049.21,2311062.47,109013.26,4.9505
PERF100172,P10015,2025-12-29,2311062.47,2387204.73,76142.26,3.2947
PERF100173,P10015,2026-01-28,2387204.73,2346419.84,-40784.89,-1.7085
PERF100174,P10015,2026-02-27,2346419.84,2371810.51,25390.67,1.0821
PERF100175,P10015,2026-03-29,2371810.51,2395545.24,23734.73,1.0007
PERF100176,P10015,2026-04-28,2395545.24,2321468.52,-74076.72,-3.0923
PERF100177,P10015,2026-05-28,2321468.52,2268848.43,-52620.09,-2.2667
PERF100178,P10015,2026-06-27,2268848.43,2257444.43,-11404.0,-0.5026
PERF100179,P10015,2026-07-27,2257444.43,2274684.47,17240.04,0.7637
PERF100180,P10015,2026-08-26,2274684.47,2288625.94,13941.47,0.6129
PERF100181,P10016,2025-09-30,2037107.86,2076960.71,39852.85,1.9563
PERF100182,P10016,2025-10-30,2076960.71,2100628.75,23668.04,1.1396
PERF100183,P10016,2025-11-29,2100628.75,2089110.85,-11517.9,-0.5483
PERF100184,P10016,2025-12-29,2089110.85,2131261.02,42150.17,2.0176
PERF100185,P10016,2026-01-28,2131261.02,2087836.97,-43424.05,-2.0375
PERF100186,P10016,2026-02-27,2087836.97,2200904.65,113067.68,5.4155
PERF100187,P10016,2026-03-29,2200904.65,2270318.41,69413.76,3.1539
PERF100188,P10016,2026-04-28,2270318.41,2251999.42,-18318.99,-0.8069
PERF100189,P10016,2026-05-28,2251999.42,2241355.59,-10643.83,-0.4726
PERF100190,P10016,2026-06-27,2241355.59,2329992.34,88636.75,3.9546
PERF100191,P10016,2026-07-27,2329992.34,2360073.9,30081.56,1.2911
PERF100192,P10016,2026-08-26,2360073.9,2428012.36,67938.46,2.8787
PERF100193,P10017,2025-09-30,1386947.42,1375825.7,-11121.72,-0.8019
PERF100194,P10017,2025-10-30,1375825.7,1428681.34,52855.64,3.8417
PERF100195,P10017,2025-11-29,1428681.34,1426041.43,-2639.91,-0.1848
PERF100196,P10017,2025-12-29,1426041.43,1462608.8,36567.37,2.5643
PERF100197,P10017,2026-01-28,1462608.8,1540406.17,77797.37,5.3191
PERF100198,P10017,2026-02-27,1540406.17,1567414.41,27008.24,1.7533
PERF100199,P10017,2026-03-29,1567414.41,1624950.95,57536.54,3.6708
PERF100200,P10017,2026-04-28,1624950.95,1674153.13,49202.18,3.0279
PERF100201,P10017,2026-05-28,1674153.13,1719227.91,45074.78,2.6924
PERF100202,P10017,2026-06-27,1719227.91,1663178.06,-56049.85,-3.2602
PERF100203,P10017,2026-07-27,1663178.06,1676006.35,12828.29,0.7713
PERF100204,P10017,2026-08-26,1676006.35,1763219.62,87213.27,5.2036
PERF100205,P10018,2025-09-30,1008482.51,1044244.67,35762.16,3.5461
PERF100206,P10018,2025-10-30,1044244.67,1080641.38,36396.71,3.4855
PERF100207,P10018,2025-11-29,1080641.38,1098998.34,18356.96,1.6987
PERF100208,P10018,2025-12-29,1098998.34,1131886.98,32888.64,2.9926
PERF100209,P10018,2026-01-28,1131886.98,1151714.35,19827.37,1.7517
PERF100210,P10018,2026-02-27,1151714.35,1129078.65,-22635.7,-1.9654
PERF100211,P10018,2026-03-29,1129078.65,1153480.6,24401.95,2.1612
PERF100212,P10018,2026-04-28,1153480.6,1177445.57,23964.97,2.0776
PERF100213,P10018,2026-05-28,1177445.57,1225373.54,47927.97,4.0705
PERF100214,P10018,2026-06-27,1225373.54,1198782.71,-26590.83,-2.17
PERF100215,P10018,2026-07-27,1198782.71,1230269.24,31486.53,2.6265
PERF100216,P10018,2026-08-26,1230269.24,1190705.44,-39563.8,-3.2159
PERF100217,P10019,2025-09-30,2090571.19,2195807.34,105236.15,5.0338
PERF100218,P10019,2025-10-30,2195807.34,2140671.93,-55135.41,-2.5109
PERF100219,P10019,2025-11-29,2140671.93,2069396.89,-71275.04,-3.3296
PERF100220,P10019,2025-12-29,2069396.89,2055391.88,-14005.01,-0.6768
PERF100221,P10019,2026-01-28,2055391.88,2011465.72,-43926.16,-2.1371
PERF100222,P10019,2026-02-27,2011465.72,2066067.0,54601.28,2.7145
PERF100223,P10019,2026-03-29,2066067.0,2070062.71,3995.71,0.1934
PERF100224,P10019,2026-04-28,2070062.71,2141992.23,71929.52,3.4748
PERF100225,P10019,2026-05-28,2141992.23,2244479.89,102487.66,4.7847
PERF100226,P10019,2026-06-27,2244479.89,2342235.06,97755.17,4.3554
PERF100227,P10019,2026-07-27,2342235.06,2415372.18,73137.12,3.1225
PERF100228,P10019,2026-08-26,2415372.18,2344373.08,-70999.1,-2.9395
PERF100229,P10020,2025-09-30,2168096.56,2119157.04,-48939.52,-2.2573
PERF100230,P10020,2025-10-30,2119157.04,2084531.61,-34625.43,-1.6339
PERF100231,P10020,2025-11-29,2084531.61,2072554.85,-11976.76,-0.5746
PERF100232,P10020,2025-12-29,2072554.85,2123540.55,50985.7,2.46
PERF100233,P10020,2026-01-28,2123540.55,2149645.11,26104.56,1.2293
PERF100234,P10020,2026-02-27,2149645.11,2135108.64,-14536.47,-0.6762
PERF100235,P10020,2026-03-29,2135108.64,2093658.53,-41450.11,-1.9414
PERF100236,P10020,2026-04-28,2093658.53,2192251.37,98592.84,4.7091
PERF100237,P10020,2026-05-28,2192251.37,2183064.59,-9186.78,-0.4191
PERF100238,P10020,2026-06-27,2183064.59,2176266.15,-6798.44,-0.3114
PERF100239,P10020,2026-07-27,2176266.15,2251301.81,75035.66,3.4479
PERF100240,P10020,2026-08-26,2251301.81,2318577.94,67276.13,2.9883
PERF100241,P10021,2025-09-30,1790972.41,1831981.77,41009.36,2.2898
PERF100242,P10021,2025-10-30,1831981.77,1882174.77,50193.0,2.7398
PERF100243,P10021,2025-11-29,1882174.77,1919643.02,37468.25,1.9907
PERF100244,P10021,2025-12-29,1919643.02,1885672.59,-33970.43,-1.7696
PERF100245,P10021,2026-01-28,1885672.59,1861510.94,-24161.65,-1.2813
PERF100246,P10021,2026-02-27,1861510.94,1889857.65,28346.71,1.5228
PERF100247,P10021,2026-03-29,1889857.65,1861959.63,-27898.02,-1.4762
PERF100248,P10021,2026-04-28,1861959.63,1959827.87,97868.24,5.2562
PERF100249,P10021,2026-05-28,1959827.87,1943728.49,-16099.38,-0.8215
PERF100250,P10021,2026-06-27,1943728.49,1926255.09,-17473.4,-0.899
PERF100251,P10021,2026-07-27,1926255.09,1894770.45,-31484.64,-1.6345
PERF100252,P10021,2026-08-26,1894770.45,1948674.67,53904.22,2.8449
PERF100253,P10022,2025-09-30,646955.86,642772.43,-4183.43,-0.6466
PERF100254,P10022,2025-10-30,642772.43,640453.49,-2318.94,-0.3608
PERF100255,P10022,2025-11-29,640453.49,671856.87,31403.38,4.9033
PERF100256,P10022,2025-12-29,671856.87,696437.75,24580.88,3.6586
PERF100257,P10022,2026-01-28,696437.75,689202.58,-7235.17,-1.0389
PERF100258,P10022,2026-02-27,689202.58,672640.13,-16562.45,-2.4031
PERF100259,P10022,2026-03-29,672640.13,690058.82,17418.69,2.5896
PERF100260,P10022,2026-04-28,690058.82,689487.78,-571.04,-0.0828
PERF100261,P10022,2026-05-28,689487.78,726178.49,36690.71,5.3214
PERF100262,P10022,2026-06-27,726178.49,754248.17,28069.68,3.8654
PERF100263,P10022,2026-07-27,754248.17,792650.56,38402.39,5.0915
PERF100264,P10022,2026-08-26,792650.56,822307.92,29657.36,3.7415
PERF100265,P10023,2025-09-30,291500.74,288918.26,-2582.48,-0.8859
PERF100266,P10023,2025-10-30,288918.26,286285.27,-2632.99,-0.9113
PERF100267,P10023,2025-11-29,286285.27,294665.62,8380.35,2.9273
PERF100268,P10023,2025-12-29,294665.62,293537.85,-1127.77,-0.3827
PERF100269,P10023,2026-01-28,293537.85,294950.9,1413.05,0.4814
PERF100270,P10023,2026-02-27,294950.9,291435.07,-3515.83,-1.192
PERF100271,P10023,2026-03-29,291435.07,293800.69,2365.62,0.8117
PERF100272,P10023,2026-04-28,293800.69,288860.76,-4939.93,-1.6814
PERF100273,P10023,2026-05-28,288860.76,292752.3,3891.54,1.3472
PERF100274,P10023,2026-06-27,292752.3,307089.01,14336.71,4.8972
PERF100275,P10023,2026-07-27,307089.01,315581.68,8492.67,2.7655
PERF100276,P10023,2026-08-26,315581.68,308435.2,-7146.48,-2.2645
PERF100277,P10024,2025-09-30,342403.43,349392.2,6988.77,2.0411
PERF100278,P10024,2025-10-30,349392.2,355616.53,6224.33,1.7815
PERF100279,P10024,2025-11-29,355616.53,350929.94,-4686.59,-1.3179
PERF100280,P10024,2025-12-29,350929.94,359803.22,8873.28,2.5285
PERF100281,P10024,2026-01-28,359803.22,364406.45,4603.23,1.2794
PERF100282,P10024,2026-02-27,364406.45,372574.62,8168.17,2.2415
PERF100283,P10024,2026-03-29,372574.62,361294.63,-11279.99,-3.0276
PERF100284,P10024,2026-04-28,361294.63,362088.44,793.81,0.2197
PERF100285,P10024,2026-05-28,362088.44,372792.58,10704.14,2.9562
PERF100286,P10024,2026-06-27,372792.58,363118.26,-9674.32,-2.5951
PERF100287,P10024,2026-07-27,363118.26,375598.25,12479.99,3.4369
PERF100288,P10024,2026-08-26,375598.25,362627.46,-12970.79,-3.4534
PERF100289,P10025,2025-09-30,1625642.67,1649266.07,23623.4,1.4532
PERF100290,P10025,2025-10-30,1649266.07,1729451.69,80185.62,4.8619
PERF100291,P10025,2025-11-29,1729451.69,1732256.29,2804.6,0.1622
PERF100292,P10025,2025-12-29,1732256.29,1817401.69,85145.4,4.9153
PERF100293,P10025,2026-01-28,1817401.69,1897469.08,80067.39,4.4056
PERF100294,P10025,2026-02-27,1897469.08,1912592.6,15123.52,0.797
PERF100295,P10025,2026-03-29,1912592.6,1879984.88,-32607.72,-1.7049
PERF100296,P10025,2026-04-28,1879984.88,1977278.35,97293.47,5.1752
PERF100297,P10025,2026-05-28,1977278.35,1965227.02,-12051.33,-0.6095
PERF100298,P10025,2026-06-27,1965227.02,2010684.32,45457.3,2.3131
PERF100299,P10025,2026-07-27,2010684.32,2104612.08,93927.76,4.6714
PERF100300,P10025,2026-08-26,2104612.08,2047895.87,-56716.21,-2.6949
PERF100301,P10026,2025-09-30,988434.32,1004913.5,16479.18,1.6672
PERF100302,P10026,2025-10-30,1004913.5,1018141.88,13228.38,1.3164
PERF100303,P10026,2025-11-29,1018141.88,1048768.19,30626.31,3.0081
PERF100304,P10026,2025-12-29,1048768.19,1100472.72,51704.53,4.93
PERF100305,P10026,2026-01-28,1100472.72,1152404.77,51932.05,4.7191
PERF100306,P10026,2026-02-27,1152404.77,1130227.7,-22177.07,-1.9244
PERF100307,P10026,2026-03-29,1130227.7,1180412.12,50184.42,4.4402
PERF100308,P10026,2026-04-28,1180412.12,1157772.98,-22639.14,-1.9179
PERF100309,P10026,2026-05-28,1157772.98,1213076.48,55303.5,4.7767
PERF100310,P10026,2026-06-27,1213076.48,1279486.91,66410.43,5.4745
PERF100311,P10026,2026-07-27,1279486.91,1280420.31,933.4,0.073
PERF100312,P10026,2026-08-26,1280420.31,1292692.56,12272.25,0.9585
PERF100313,P10027,2025-09-30,740746.77,777261.72,36514.95,4.9295
PERF100314,P10027,2025-10-30,777261.72,817362.07,40100.35,5.1592
PERF100315,P10027,2025-11-29,817362.07,856876.27,39514.2,4.8344
PERF100316,P10027,2025-12-29,856876.27,894499.04,37622.77,4.3907
PERF100317,P10027,2026-01-28,894499.04,863937.63,-30561.41,-3.4166
PERF100318,P10027,2026-02-27,863937.63,877861.34,13923.71,1.6117
PERF100319,P10027,2026-03-29,877861.34,855613.75,-22247.59,-2.5343
PERF100320,P10027,2026-04-28,855613.75,901362.95,45749.2,5.3469
PERF100321,P10027,2026-05-28,901362.95,892899.65,-8463.3,-0.9389
PERF100322,P10027,2026-06-27,892899.65,941133.15,48233.5,5.4019
PERF100323,P10027,2026-07-27,941133.15,954212.12,13078.97,1.3897
PERF100324,P10027,2026-08-26,954212.12,963231.45,9019.33,0.9452
PERF100325,P10028,2025-09-30,1655284.92,1737172.6,81887.68,4.947
PERF100326,P10028,2025-10-30,1737172.6,1809430.95,72258.35,4.1595
PERF100327,P10028,2025-11-29,1809430.95,1822317.48,12886.53,0.7122
PERF100328,P10028,2025-12-29,1822317.48,1790159.09,-32158.39,-1.7647
PERF100329,P10028,2026-01-28,1790159.09,1745652.53,-44506.56,-2.4862
PERF100330,P10028,2026-02-27,1745652.53,1710083.96,-35568.57,-2.0376
PERF100331,P10028,2026-03-29,1710083.96,1720861.43,10777.47,0.6302
PERF100332,P10028,2026-04-28,1720861.43,1700475.83,-20385.6,-1.1846
PERF100333,P10028,2026-05-28,1700475.83,1669455.61,-31020.22,-1.8242
PERF100334,P10028,2026-06-27,1669455.61,1721702.24,52246.63,3.1296
PERF100335,P10028,2026-07-27,1721702.24,1783974.64,62272.4,3.6169
PERF100336,P10028,2026-08-26,1783974.64,1812697.18,28722.54,1.61
PERF100337,P10029,2025-09-30,510732.76,527666.33,16933.57,3.3155
PERF100338,P10029,2025-10-30,527666.33,517532.26,-10134.07,-1.9205
PERF100339,P10029,2025-11-29,517532.26,539296.14,21763.88,4.2053
PERF100340,P10029,2025-12-29,539296.14,563960.23,24664.09,4.5734
PERF100341,P10029,2026-01-28,563960.23,586196.67,22236.44,3.9429
PERF100342,P10029,2026-02-27,586196.67,592864.81,6668.14,1.1375
PERF100343,P10029,2026-03-29,592864.81,576742.68,-16122.13,-2.7194
PERF100344,P10029,2026-04-28,576742.68,591295.64,14552.96,2.5233
PERF100345,P10029,2026-05-28,591295.64,580433.72,-10861.92,-1.837
PERF100346,P10029,2026-06-27,580433.72,567463.97,-12969.75,-2.2345
PERF100347,P10029,2026-07-27,567463.97,564129.64,-3334.33,-0.5876
PERF100348,P10029,2026-08-26,564129.64,556978.87,-7150.77,-1.2676
PERF100349,P10030,2025-09-30,492165.99,486491.65,-5674.34,-1.1529
PERF100350,P10030,2025-10-30,486491.65,479776.56,-6715.09,-1.3803
PERF100351,P10030,2025-11-29,479776.56,495531.51,15754.95,3.2838
PERF100352,P10030,2025-12-29,495531.51,520735.8,25204.29,5.0863
PERF100353,P10030,2026-01-28,520735.8,516661.11,-4074.69,-0.7825
PERF100354,P10030,2026-02-27,516661.11,532191.65,15530.54,3.0059
PERF100355,P10030,2026-03-29,532191.65,514112.68,-18078.97,-3.3971
PERF100356,P10030,2026-04-28,514112.68,526364.76,12252.08,2.3832
PERF100357,P10030,2026-05-28,526364.76,540760.4,14395.64,2.7349
PERF100358,P10030,2026-06-27,540760.4,524857.28,-15903.12,-2.9409
PERF100359,P10030,2026-07-27,524857.28,512071.88,-12785.4,-2.436
PERF100360,P10030,2026-08-26,512071.88,508288.99,-3782.89,-0.7387
PERF100361,P10031,2025-09-30,2474856.04,2478537.38,3681.34,0.1487
PERF100362,P10031,2025-10-30,2478537.38,2503884.99,25347.61,1.0227
PERF100363,P10031,2025-11-29,2503884.99,2617963.63,114078.64,4.5561
PERF100364,P10031,2025-12-29,2617963.63,2692104.71,74141.08,2.832
PERF100365,P10031,2026-01-28,2692104.71,2673227.71,-18877.0,-0.7012
PERF100366,P10031,2026-02-27,2673227.71,2607913.85,-65313.86,-2.4433
PERF100367,P10031,2026-03-29,2607913.85,2731663.89,123750.04,4.7452
PERF100368,P10031,2026-04-28,2731663.89,2708590.57,-23073.32,-0.8447
PERF100369,P10031,2026-05-28,2708590.57,2763619.08,55028.51,2.0316
PERF100370,P10031,2026-06-27,2763619.08,2721395.33,-42223.75,-1.5278
PERF100371,P10031,2026-07-27,2721395.33,2658860.9,-62534.43,-2.2979
PERF100372,P10031,2026-08-26,2658860.9,2602457.69,-56403.21,-2.1213
PERF100373,P10032,2025-09-30,1436679.39,1483078.58,46399.19,3.2296
PERF100374,P10032,2025-10-30,1483078.58,1512023.09,28944.51,1.9517
PERF100375,P10032,2025-11-29,1512023.09,1515691.42,3668.33,0.2426
PERF100376,P10032,2025-12-29,1515691.42,1537564.52,21873.1,1.4431
PERF100377,P10032,2026-01-28,1537564.52,1548903.33,11338.81,0.7375
PERF100378,P10032,2026-02-27,1548903.33,1569622.38,20719.05,1.3377
PERF100379,P10032,2026-03-29,1569622.38,1608499.57,38877.19,2.4768
PERF100380,P10032,2026-04-28,1608499.57,1583820.44,-24679.13,-1.5343
PERF100381,P10032,2026-05-28,1583820.44,1563661.4,-20159.04,-1.2728
PERF100382,P10032,2026-06-27,1563661.4,1615147.39,51485.99,3.2927
PERF100383,P10032,2026-07-27,1615147.39,1685538.99,70391.6,4.3582
PERF100384,P10032,2026-08-26,1685538.99,1638964.73,-46574.26,-2.7632
PERF100385,P10033,2025-09-30,2122844.61,2133898.94,11054.33,0.5207
PERF100386,P10033,2025-10-30,2133898.94,2194371.4,60472.46,2.8339
PERF100387,P10033,2025-11-29,2194371.4,2132993.18,-61378.22,-2.7971
PERF100388,P10033,2025-12-29,2132993.18,2166641.54,33648.36,1.5775
PERF100389,P10033,2026-01-28,2166641.54,2102851.77,-63789.77,-2.9442
PERF100390,P10033,2026-02-27,2102851.77,2132898.23,30046.46,1.4288
PERF100391,P10033,2026-03-29,2132898.23,2155280.51,22382.28,1.0494
PERF100392,P10033,2026-04-28,2155280.51,2190935.64,35655.13,1.6543
PERF100393,P10033,2026-05-28,2190935.64,2143801.42,-47134.22,-2.1513
PERF100394,P10033,2026-06-27,2143801.42,2132076.09,-11725.33,-0.5469
PERF100395,P10033,2026-07-27,2132076.09,2157300.13,25224.04,1.1831
PERF100396,P10033,2026-08-26,2157300.13,2104363.44,-52936.69,-2.4538
PERF100397,P10034,2025-09-30,649715.37,638986.06,-10729.31,-1.6514
PERF100398,P10034,2025-10-30,638986.06,650157.64,11171.58,1.7483
PERF100399,P10034,2025-11-29,650157.64,632723.5,-17434.14,-2.6815
PERF100400,P10034,2025-12-29,632723.5,639641.56,6918.06,1.0934
PERF100401,P10034,2026-01-28,639641.56,663808.68,24167.12,3.7782
PERF100402,P10034,2026-02-27,663808.68,667664.68,3856.0,0.5809
PERF100403,P10034,2026-03-29,667664.68,675137.39,7472.71,1.1192
PERF100404,P10034,2026-04-28,675137.39,679263.74,4126.35,0.6112
PERF100405,P10034,2026-05-28,679263.74,659019.17,-20244.57,-2.9804
PERF100406,P10034,2026-06-27,659019.17,663377.95,4358.78,0.6614
PERF100407,P10034,2026-07-27,663377.95,688335.81,24957.86,3.7622
PERF100408,P10034,2026-08-26,688335.81,709051.42,20715.61,3.0095
PERF100409,P10035,2025-09-30,857087.32,857631.9,544.58,0.0635
PERF100410,P10035,2025-10-30,857631.9,890634.25,33002.35,3.8481
PERF100411,P10035,2025-11-29,890634.25,919243.56,28609.31,3.2122
PERF100412,P10035,2025-12-29,919243.56,934914.84,15671.28,1.7048
PERF100413,P10035,2026-01-28,934914.84,906003.61,-28911.23,-3.0924
PERF100414,P10035,2026-02-27,906003.61,902386.48,-3617.13,-0.3992
PERF100415,P10035,2026-03-29,902386.48,875981.2,-26405.28,-2.9262
PERF100416,P10035,2026-04-28,875981.2,923696.89,47715.69,5.4471
PERF100417,P10035,2026-05-28,923696.89,969061.91,45365.02,4.9112
PERF100418,P10035,2026-06-27,969061.91,941164.29,-27897.62,-2.8788
PERF100419,P10035,2026-07-27,941164.29,987318.8,46154.51,4.904
PERF100420,P10035,2026-08-26,987318.8,955582.56,-31736.24,-3.2144
PERF100421,P10036,2025-09-30,606358.82,607449.07,1090.25,0.1798
PERF100422,P10036,2025-10-30,607449.07,628228.38,20779.31,3.4207
PERF100423,P10036,2025-11-29,628228.38,649540.71,21312.33,3.3924
PERF100424,P10036,2025-12-29,649540.71,683998.84,34458.13,5.305
PERF100425,P10036,2026-01-28,683998.84,699819.24,15820.4,2.3129
PERF100426,P10036,2026-02-27,699819.24,701801.53,1982.29,0.2833
PERF100427,P10036,2026-03-29,701801.53,739949.42,38147.89,5.4357
PERF100428,P10036,2026-04-28,739949.42,739522.59,-426.83,-0.0577
PERF100429,P10036,2026-05-28,739522.59,771518.65,31996.06,4.3266
PERF100430,P10036,2026-06-27,771518.65,807478.41,35959.76,4.6609
PERF100431,P10036,2026-07-27,807478.41,806515.97,-962.44,-0.1192
PERF100432,P10036,2026-08-26,806515.97,827844.88,21328.91,2.6446
PERF100433,P10037,2025-09-30,2203282.3,2257397.84,54115.54,2.4561
PERF100434,P10037,2025-10-30,2257397.84,2287956.29,30558.45,1.3537
PERF100435,P10037,2025-11-29,2287956.29,2342450.99,54494.7,2.3818
PERF100436,P10037,2025-12-29,2342450.99,2333782.26,-8668.73,-0.3701
PERF100437,P10037,2026-01-28,2333782.26,2289586.55,-44195.71,-1.8937
PERF100438,P10037,2026-02-27,2289586.55,2320160.0,30573.45,1.3353
PERF100439,P10037,2026-03-29,2320160.0,2349384.34,29224.34,1.2596
PERF100440,P10037,2026-04-28,2349384.34,2421057.55,71673.21,3.0507
PERF100441,P10037,2026-05-28,2421057.55,2384843.66,-36213.89,-1.4958
PERF100442,P10037,2026-06-27,2384843.66,2302119.63,-82724.03,-3.4687
PERF100443,P10037,2026-07-27,2302119.63,2226255.99,-75863.64,-3.2954
PERF100444,P10037,2026-08-26,2226255.99,2208117.95,-18138.04,-0.8147
PERF100445,P10038,2025-09-30,1673052.8,1715908.03,42855.23,2.5615
PERF100446,P10038,2025-10-30,1715908.03,1739930.88,24022.85,1.4
PERF100447,P10038,2025-11-29,1739930.88,1762330.79,22399.91,1.2874
PERF100448,P10038,2025-12-29,1762330.79,1831242.22,68911.43,3.9102
PERF100449,P10038,2026-01-28,1831242.22,1807941.65,-23300.57,-1.2724
PERF100450,P10038,2026-02-27,1807941.65,1800988.99,-6952.66,-0.3846
PERF100451,P10038,2026-03-29,1800988.99,1782634.17,-18354.82,-1.0192
PERF100452,P10038,2026-04-28,1782634.17,1870637.35,88003.18,4.9367
PERF100453,P10038,2026-05-28,1870637.35,1927228.16,56590.81,3.0252
PERF100454,P10038,2026-06-27,1927228.16,1879348.14,-47880.02,-2.4844
PERF100455,P10038,2026-07-27,1879348.14,1950487.17,71139.03,3.7853
PERF100456,P10038,2026-08-26,1950487.17,1955815.23,5328.06,0.2732
PERF100457,P10039,2025-09-30,2294914.22,2372814.65,77900.43,3.3945
PERF100458,P10039,2025-10-30,2372814.65,2478495.3,105680.65,4.4538
PERF100459,P10039,2025-11-29,2478495.3,2395237.99,-83257.31,-3.3592
PERF100460,P10039,2025-12-29,2395237.99,2355829.97,-39408.02,-1.6453
PERF100461,P10039,2026-01-28,2355829.97,2294768.52,-61061.45,-2.5919
PERF100462,P10039,2026-02-27,2294768.52,2221386.1,-73382.42,-3.1978
PERF100463,P10039,2026-03-29,2221386.1,2263149.58,41763.48,1.8801
PERF100464,P10039,2026-04-28,2263149.58,2327187.13,64037.55,2.8296
PERF100465,P10039,2026-05-28,2327187.13,2255930.68,-71256.45,-3.0619
PERF100466,P10039,2026-06-27,2255930.68,2327327.95,71397.27,3.1649
PERF100467,P10039,2026-07-27,2327327.95,2330129.78,2801.83,0.1204
PERF100468,P10039,2026-08-26,2330129.78,2297718.92,-32410.86,-1.3909
PERF100469,P10040,2025-09-30,735712.4,724348.75,-11363.65,-1.5446
PERF100470,P10040,2025-10-30,724348.75,755304.32,30955.57,4.2736
PERF100471,P10040,2025-11-29,755304.32,732705.59,-22598.73,-2.992
PERF100472,P10040,2025-12-29,732705.59,740289.55,7583.96,1.0351
PERF100473,P10040,2026-01-28,740289.55,733651.9,-6637.65,-0.8966
PERF100474,P10040,2026-02-27,733651.9,761839.37,28187.47,3.8421
PERF100475,P10040,2026-03-29,761839.37,785331.89,23492.52,3.0837
PERF100476,P10040,2026-04-28,785331.89,780385.35,-4946.54,-0.6299
PERF100477,P10040,2026-05-28,780385.35,795066.42,14681.07,1.8813
PERF100478,P10040,2026-06-27,795066.42,815362.77,20296.35,2.5528
PERF100479,P10040,2026-07-27,815362.77,810356.33,-5006.44,-0.614
PERF100480,P10040,2026-08-26,810356.33,804002.16,-6354.17,-0.7841
PERF100481,P10041,2025-09-30,1447283.52,1415289.06,-31994.46,-2.2107
PERF100482,P10041,2025-10-30,1415289.06,1449849.17,34560.11,2.4419
PERF100483,P10041,2025-11-29,1449849.17,1427947.53,-21901.64,-1.5106
PERF100484,P10041,2025-12-29,1427947.53,1416588.33,-11359.2,-0.7955
PERF100485,P10041,2026-01-28,1416588.33,1374779.41,-41808.92,-2.9514
PERF100486,P10041,2026-02-27,1374779.41,1444022.68,69243.27,5.0367
PERF100487,P10041,2026-03-29,1444022.68,1507811.3,63788.62,4.4174
PERF100488,P10041,2026-04-28,1507811.3,1578741.74,70930.44,4.7042
PERF100489,P10041,2026-05-28,1578741.74,1612431.11,33689.37,2.1339
PERF100490,P10041,2026-06-27,1612431.11,1617990.86,5559.75,0.3448
PERF100491,P10041,2026-07-27,1617990.86,1633533.07,15542.21,0.9606
PERF100492,P10041,2026-08-26,1633533.07,1719303.56,85770.49,5.2506
PERF100493,P10042,2025-09-30,1503006.38,1577770.09,74763.71,4.9743
PERF100494,P10042,2025-10-30,1577770.09,1617878.31,40108.22,2.5421
PERF100495,P10042,2025-11-29,1617878.31,1675672.83,57794.52,3.5722
PERF100496,P10042,2025-12-29,1675672.83,1665092.8,-10580.03,-0.6314
PERF100497,P10042,2026-01-28,1665092.8,1669204.28,4111.48,0.2469
PERF100498,P10042,2026-02-27,1669204.28,1633198.85,-36005.43,-2.157
PERF100499,P10042,2026-03-29,1633198.85,1631371.98,-1826.87,-0.1119
PERF100500,P10042,2026-04-28,1631371.98,1685039.96,53667.98,3.2897
PERF100501,P10042,2026-05-28,1685039.96,1697874.39,12834.43,0.7617
PERF100502,P10042,2026-06-27,1697874.39,1768235.47,70361.08,4.1441
PERF100503,P10042,2026-07-27,1768235.47,1754206.78,-14028.69,-0.7934
PERF100504,P10042,2026-08-26,1754206.78,1804520.78,50314.0,2.8682
PERF100505,P10043,2025-09-30,1058561.21,1098278.27,39717.06,3.752
PERF100506,P10043,2025-10-30,1098278.27,1150256.16,51977.89,4.7327
PERF100507,P10043,2025-11-29,1150256.16,1168217.11,17960.95,1.5615
PERF100508,P10043,2025-12-29,1168217.11,1229082.11,60865.0,5.2101
PERF100509,P10043,2026-01-28,1229082.11,1247709.84,18627.73,1.5156
PERF100510,P10043,2026-02-27,1247709.84,1219097.79,-28612.05,-2.2932
PERF100511,P10043,2026-03-29,1219097.79,1203075.51,-16022.28,-1.3143
PERF100512,P10043,2026-04-28,1203075.51,1182984.52,-20090.99,-1.67
PERF100513,P10043,2026-05-28,1182984.52,1210433.93,27449.41,2.3204
PERF100514,P10043,2026-06-27,1210433.93,1268535.18,58101.25,4.8
PERF100515,P10043,2026-07-27,1268535.18,1320852.11,52316.93,4.1242
PERF100516,P10043,2026-08-26,1320852.11,1285614.1,-35238.01,-2.6678
PERF100517,P10044,2025-09-30,2494090.26,2569443.27,75353.01,3.0213
PERF100518,P10044,2025-10-30,2569443.27,2523561.61,-45881.66,-1.7857
PERF100519,P10044,2025-11-29,2523561.61,2496210.1,-27351.51,-1.0838
PERF100520,P10044,2025-12-29,2496210.1,2560189.15,63979.05,2.563
PERF100521,P10044,2026-01-28,2560189.15,2609506.03,49316.88,1.9263
PERF100522,P10044,2026-02-27,2609506.03,2723347.93,113841.9,4.3626
PERF100523,P10044,2026-03-29,2723347.93,2674149.82,-49198.11,-1.8065
PERF100524,P10044,2026-04-28,2674149.82,2763874.71,89724.89,3.3553
PERF100525,P10044,2026-05-28,2763874.71,2847309.1,83434.39,3.0187
PERF100526,P10044,2026-06-27,2847309.1,2890863.09,43553.99,1.5297
PERF100527,P10044,2026-07-27,2890863.09,2914410.55,23547.46,0.8145
PERF100528,P10044,2026-08-26,2914410.55,3040466.52,126055.97,4.3253
PERF100529,P10045,2025-09-30,318182.59,316581.11,-1601.48,-0.5033
PERF100530,P10045,2025-10-30,316581.11,332768.47,16187.36,5.1132
PERF100531,P10045,2025-11-29,332768.47,321580.81,-11187.66,-3.362
PERF100532,P10045,2025-12-29,321580.81,337449.02,15868.21,4.9344
PERF100533,P10045,2026-01-28,337449.02,354857.0,17407.98,5.1587
PERF100534,P10045,2026-02-27,354857.0,346183.75,-8673.25,-2.4442
PERF100535,P10045,2026-03-29,346183.75,365210.52,19026.77,5.4961
PERF100536,P10045,2026-04-28,365210.52,368169.78,2959.26,0.8103
PERF100537,P10045,2026-05-28,368169.78,363322.23,-4847.55,-1.3167
PERF100538,P10045,2026-06-27,363322.23,370369.28,7047.05,1.9396
PERF100539,P10045,2026-07-27,370369.28,364223.44,-6145.84,-1.6594
PERF100540,P10045,2026-08-26,364223.44,381473.57,17250.13,4.7361
PERF100541,P10046,2025-09-30,363157.91,368491.66,5333.75,1.4687
PERF100542,P10046,2025-10-30,368491.66,381313.79,12822.13,3.4796
PERF100543,P10046,2025-11-29,381313.79,381031.45,-282.34,-0.074
PERF100544,P10046,2025-12-29,381031.45,385995.72,4964.27,1.3029
PERF100545,P10046,2026-01-28,385995.72,384966.41,-1029.31,-0.2667
PERF100546,P10046,2026-02-27,384966.41,380554.91,-4411.5,-1.1459
PERF100547,P10046,2026-03-29,380554.91,384799.42,4244.51,1.1153
PERF100548,P10046,2026-04-28,384799.42,388553.12,3753.7,0.9755
PERF100549,P10046,2026-05-28,388553.12,378402.07,-10151.05,-2.6125
PERF100550,P10046,2026-06-27,378402.07,398577.96,20175.89,5.3319
PERF100551,P10046,2026-07-27,398577.96,401469.3,2891.34,0.7254
PERF100552,P10046,2026-08-26,401469.3,417759.24,16289.94,4.0576
PERF100553,P10047,2025-09-30,2000990.47,2095616.8,94626.33,4.729
PERF100554,P10047,2025-10-30,2095616.8,2092187.2,-3429.6,-0.1637
PERF100555,P10047,2025-11-29,2092187.2,2096902.39,4715.19,0.2254
PERF100556,P10047,2025-12-29,2096902.39,2129671.16,32768.77,1.5627
PERF100557,P10047,2026-01-28,2129671.16,2097544.37,-32126.79,-1.5085
PERF100558,P10047,2026-02-27,2097544.37,2051677.46,-45866.91,-2.1867
PERF100559,P10047,2026-03-29,2051677.46,2028020.94,-23656.52,-1.153
PERF100560,P10047,2026-04-28,2028020.94,2127654.04,99633.1,4.9128
PERF100561,P10047,2026-05-28,2127654.04,2164085.57,36431.53,1.7123
PERF100562,P10047,2026-06-27,2164085.57,2169673.3,5587.73,0.2582
PERF100563,P10047,2026-07-27,2169673.3,2123496.2,-46177.1,-2.1283
PERF100564,P10047,2026-08-26,2123496.2,2112215.92,-11280.28,-0.5312
PERF100565,P10048,2025-09-30,252466.49,252260.88,-205.61,-0.0814
PERF100566,P10048,2025-10-30,252260.88,262351.98,10091.1,4.0003
PERF100567,P10048,2025-11-29,262351.98,264959.01,2607.03,0.9937
PERF100568,P10048,2025-12-29,264959.01,271295.43,6336.42,2.3915
PERF100569,P10048,2026-01-28,271295.43,278521.71,7226.28,2.6636
PERF100570,P10048,2026-02-27,278521.71,275223.85,-3297.86,-1.1841
PERF100571,P10048,2026-03-29,275223.85,285941.97,10718.12,3.8943
PERF100572,P10048,2026-04-28,285941.97,300806.88,14864.91,5.1986
PERF100573,P10048,2026-05-28,300806.88,307650.99,6844.11,2.2753
PERF100574,P10048,2026-06-27,307650.99,310467.1,2816.11,0.9154
PERF100575,P10048,2026-07-27,310467.1,304301.54,-6165.56,-1.9859
PERF100576,P10048,2026-08-26,304301.54,315423.09,11121.55,3.6548
PERF100577,P10049,2025-09-30,2490691.31,2441460.09,-49231.22,-1.9766
PERF100578,P10049,2025-10-30,2441460.09,2514284.49,72824.4,2.9828
PERF100579,P10049,2025-11-29,2514284.49,2536783.49,22499.0,0.8948
PERF100580,P10049,2025-12-29,2536783.49,2657333.84,120550.35,4.7521
PERF100581,P10049,2026-01-28,2657333.84,2693984.63,36650.79,1.3792
PERF100582,P10049,2026-02-27,2693984.63,2755307.4,61322.77,2.2763
PERF100583,P10049,2026-03-29,2755307.4,2673435.88,-81871.52,-2.9714
PERF100584,P10049,2026-04-28,2673435.88,2588003.93,-85431.95,-3.1956
PERF100585,P10049,2026-05-28,2588003.93,2694636.85,106632.92,4.1203
PERF100586,P10049,2026-06-27,2694636.85,2829549.04,134912.19,5.0067
PERF100587,P10049,2026-07-27,2829549.04,2900682.2,71133.16,2.5139
PERF100588,P10049,2026-08-26,2900682.2,2998697.69,98015.49,3.379
PERF100589,P10050,2025-09-30,2430588.11,2435729.53,5141.42,0.2115
PERF100590,P10050,2025-10-30,2435729.53,2535177.99,99448.46,4.0829
PERF100591,P10050,2025-11-29,2535177.99,2499252.0,-35925.99,-1.4171
PERF100592,P10050,2025-12-29,2499252.0,2570843.73,71591.73,2.8645
PERF100593,P10050,2026-01-28,2570843.73,2482979.31,-87864.42,-3.4177
PERF100594,P10050,2026-02-27,2482979.31,2509090.23,26110.92,1.0516
PERF100595,P10050,2026-03-29,2509090.23,2505547.55,-3542.68,-0.1412
PERF100596,P10050,2026-04-28,2505547.55,2557174.79,51627.24,2.0605
PERF100597,P10050,2026-05-28,2557174.79,2621124.43,63949.64,2.5008
PERF100598,P10050,2026-06-27,2621124.43,2674822.73,53698.3,2.0487
PERF100599,P10050,2026-07-27,2674822.73,2697527.63,22704.9,0.8488
PERF100600,P10050,2026-08-26,2697527.63,2721554.22,24026.59,0.8907
PERF100601,P10051,2025-09-30,127554.45,123165.95,-4388.5,-3.4405
PERF100602,P10051,2025-10-30,123165.95,124970.08,1804.13,1.4648
PERF100603,P10051,2025-11-29,124970.08,120729.42,-4240.66,-3.3933
PERF100604,P10051,2025-12-29,120729.42,122256.36,1526.94,1.2648
PERF100605,P10051,2026-01-28,122256.36,121000.38,-1255.98,-1.0273
PERF100606,P10051,2026-02-27,121000.38,127410.15,6409.77,5.2973
PERF100607,P10051,2026-03-29,127410.15,123147.37,-4262.78,-3.3457
PERF100608,P10051,2026-04-28,123147.37,127849.65,4702.28,3.8184
PERF100609,P10051,2026-05-28,127849.65,131130.65,3281.0,2.5663
PERF100610,P10051,2026-06-27,131130.65,136055.27,4924.62,3.7555
PERF100611,P10051,2026-07-27,136055.27,142433.49,6378.22,4.688
PERF100612,P10051,2026-08-26,142433.49,138820.16,-3613.33,-2.5369
PERF100613,P10052,2025-09-30,1736104.89,1690390.21,-45714.68,-2.6332
PERF100614,P10052,2025-10-30,1690390.21,1653879.09,-36511.12,-2.1599
PERF100615,P10052,2025-11-29,1653879.09,1624562.24,-29316.85,-1.7726
PERF100616,P10052,2025-12-29,1624562.24,1644676.01,20113.77,1.2381
PERF100617,P10052,2026-01-28,1644676.01,1707781.07,63105.06,3.8369
PERF100618,P10052,2026-02-27,1707781.07,1689096.62,-18684.45,-1.0941
PERF100619,P10052,2026-03-29,1689096.62,1690313.91,1217.29,0.0721
PERF100620,P10052,2026-04-28,1690313.91,1687904.61,-2409.3,-0.1425
PERF100621,P10052,2026-05-28,1687904.61,1690508.15,2603.54,0.1542
PERF100622,P10052,2026-06-27,1690508.15,1717303.04,26794.89,1.585
PERF100623,P10052,2026-07-27,1717303.04,1810245.15,92942.11,5.4121
PERF100624,P10052,2026-08-26,1810245.15,1783683.7,-26561.45,-1.4673
PERF100625,P10053,2025-09-30,740380.46,760047.74,19667.28,2.6564
PERF100626,P10053,2025-10-30,760047.74,791443.82,31396.08,4.1308
PERF100627,P10053,2025-11-29,791443.82,810308.84,18865.02,2.3836
PERF100628,P10053,2025-12-29,810308.84,844536.06,34227.22,4.224
PERF100629,P10053,2026-01-28,844536.06,872712.09,28176.03,3.3363
PERF100630,P10053,2026-02-27,872712.09,849511.08,-23201.01,-2.6585
PERF100631,P10053,2026-03-29,849511.08,848775.2,-735.88,-0.0866
PERF100632,P10053,2026-04-28,848775.2,861288.8,12513.6,1.4743
PERF100633,P10053,2026-05-28,861288.8,835493.5,-25795.3,-2.995
PERF100634,P10053,2026-06-27,835493.5,806961.83,-28531.67,-3.4149
PERF100635,P10053,2026-07-27,806961.83,791165.17,-15796.66,-1.9575
PERF100636,P10053,2026-08-26,791165.17,799066.74,7901.57,0.9987
PERF100637,P10054,2025-09-30,367725.22,369215.19,1489.97,0.4052
PERF100638,P10054,2025-10-30,369215.19,382356.99,13141.8,3.5594
PERF100639,P10054,2025-11-29,382356.99,388446.83,6089.84,1.5927
PERF100640,P10054,2025-12-29,388446.83,404845.67,16398.84,4.2216
PERF100641,P10054,2026-01-28,404845.67,394150.69,-10694.98,-2.6417
PERF100642,P10054,2026-02-27,394150.69,399091.1,4940.41,1.2534
PERF100643,P10054,2026-03-29,399091.1,386651.29,-12439.81,-3.117
PERF100644,P10054,2026-04-28,386651.29,380475.52,-6175.77,-1.5972
PERF100645,P10054,2026-05-28,380475.52,396885.63,16410.11,4.3131
PERF100646,P10054,2026-06-27,396885.63,414697.81,17812.18,4.488
PERF100647,P10054,2026-07-27,414697.81,417930.39,3232.58,0.7795
PERF100648,P10054,2026-08-26,417930.39,405054.2,-12876.19,-3.0809
PERF100649,P10055,2025-09-30,1188936.9,1155279.67,-33657.23,-2.8309
PERF100650,P10055,2025-10-30,1155279.67,1211082.72,55803.05,4.8303
PERF100651,P10055,2025-11-29,1211082.72,1266717.5,55634.78,4.5938
PERF100652,P10055,2025-12-29,1266717.5,1286625.09,19907.59,1.5716
PERF100653,P10055,2026-01-28,1286625.09,1245403.11,-41221.98,-3.2039
PERF100654,P10055,2026-02-27,1245403.11,1305915.97,60512.86,4.8589
PERF100655,P10055,2026-03-29,1305915.97,1297171.06,-8744.91,-0.6696
PERF100656,P10055,2026-04-28,1297171.06,1364017.17,66846.11,5.1532
PERF100657,P10055,2026-05-28,1364017.17,1388342.03,24324.86,1.7833
PERF100658,P10055,2026-06-27,1388342.03,1433744.84,45402.81,3.2703
PERF100659,P10055,2026-07-27,1433744.84,1475529.94,41785.1,2.9144
PERF100660,P10055,2026-08-26,1475529.94,1476779.19,1249.25,0.0847
PERF100661,P10056,2025-09-30,2202047.06,2140223.21,-61823.85,-2.8076
PERF100662,P10056,2025-10-30,2140223.21,2096606.58,-43616.63,-2.0379
PERF100663,P10056,2025-11-29,2096606.58,2068601.15,-28005.43,-1.3358
PERF100664,P10056,2025-12-29,2068601.15,2151590.43,82989.28,4.0119
PERF100665,P10056,2026-01-28,2151590.43,2151642.27,51.84,0.0024
PERF100666,P10056,2026-02-27,2151642.27,2249945.04,98302.77,4.5687
PERF100667,P10056,2026-03-29,2249945.04,2238370.62,-11574.42,-0.5144
PERF100668,P10056,2026-04-28,2238370.62,2312247.67,73877.05,3.3005
PERF100669,P10056,2026-05-28,2312247.67,2260443.04,-51804.63,-2.2404
PERF100670,P10056,2026-06-27,2260443.04,2382423.36,121980.32,5.3963
PERF100671,P10056,2026-07-27,2382423.36,2454312.32,71888.96,3.0175
PERF100672,P10056,2026-08-26,2454312.32,2479030.57,24718.25,1.0071
PERF100673,P10057,2025-09-30,1301406.67,1369976.62,68569.95,5.2689
PERF100674,P10057,2025-10-30,1369976.62,1328648.1,-41328.52,-3.0167
PERF100675,P10057,2025-11-29,1328648.1,1334411.7,5763.6,0.4338
PERF100676,P10057,2025-12-29,1334411.7,1388429.65,54017.95,4.0481
PERF100677,P10057,2026-01-28,1388429.65,1382394.63,-6035.02,-0.4347
PERF100678,P10057,2026-02-27,1382394.63,1429687.05,47292.42,3.4211
PERF100679,P10057,2026-03-29,1429687.05,1502511.38,72824.33,5.0937
PERF100680,P10057,2026-04-28,1502511.38,1503568.06,1056.68,0.0703
PERF100681,P10057,2026-05-28,1503568.06,1555621.5,52053.44,3.462
PERF100682,P10057,2026-06-27,1555621.5,1505322.52,-50298.98,-3.2334
PERF100683,P10057,2026-07-27,1505322.52,1489666.31,-15656.21,-1.0401
PERF100684,P10057,2026-08-26,1489666.31,1570603.95,80937.64,5.4333
PERF100685,P10058,2025-09-30,2290306.81,2311272.99,20966.18,0.9154
PERF100686,P10058,2025-10-30,2311272.99,2304392.35,-6880.64,-0.2977
PERF100687,P10058,2025-11-29,2304392.35,2418927.23,114534.88,4.9703
PERF100688,P10058,2025-12-29,2418927.23,2428279.57,9352.34,0.3866
PERF100689,P10058,2026-01-28,2428279.57,2491833.81,63554.24,2.6173
PERF100690,P10058,2026-02-27,2491833.81,2552785.24,60951.43,2.446
PERF100691,P10058,2026-03-29,2552785.24,2483126.04,-69659.2,-2.7288
PERF100692,P10058,2026-04-28,2483126.04,2534465.74,51339.7,2.0675
PERF100693,P10058,2026-05-28,2534465.74,2627797.35,93331.61,3.6825
PERF100694,P10058,2026-06-27,2627797.35,2704475.87,76678.52,2.918
PERF100695,P10058,2026-07-27,2704475.87,2629787.5,-74688.37,-2.7617
PERF100696,P10058,2026-08-26,2629787.5,2574246.09,-55541.41,-2.112
PERF100697,P10059,2025-09-30,816267.5,839980.84,23713.34,2.9051
PERF100698,P10059,2025-10-30,839980.84,858503.32,18522.48,2.2051
PERF100699,P10059,2025-11-29,858503.32,885605.39,27102.07,3.1569
PERF100700,P10059,2025-12-29,885605.39,879849.88,-5755.51,-0.6499
PERF100701,P10059,2026-01-28,879849.88,857492.53,-22357.35,-2.541
PERF100702,P10059,2026-02-27,857492.53,827881.23,-29611.3,-3.4532
PERF100703,P10059,2026-03-29,827881.23,821874.18,-6007.05,-0.7256
PERF100704,P10059,2026-04-28,821874.18,819731.2,-2142.98,-0.2607
PERF100705,P10059,2026-05-28,819731.2,810942.85,-8788.35,-1.0721
PERF100706,P10059,2026-06-27,810942.85,792230.85,-18712.0,-2.3074
PERF100707,P10059,2026-07-27,792230.85,777863.95,-14366.9,-1.8135
PERF100708,P10059,2026-08-26,777863.95,782061.25,4197.3,0.5396
PERF100709,P10060,2025-09-30,1561528.51,1584836.82,23308.31,1.4927
PERF100710,P10060,2025-10-30,1584836.82,1587569.04,2732.22,0.1724
PERF100711,P10060,2025-11-29,1587569.04,1535756.46,-51812.58,-3.2636
PERF100712,P10060,2025-12-29,1535756.46,1530922.34,-4834.12,-0.3148
PERF100713,P10060,2026-01-28,1530922.34,1490162.73,-40759.61,-2.6624
PERF100714,P10060,2026-02-27,1490162.73,1518213.47,28050.74,1.8824
PERF100715,P10060,2026-03-29,1518213.47,1509405.9,-8807.57,-0.5801
PERF100716,P10060,2026-04-28,1509405.9,1508909.93,-495.97,-0.0329
PERF100717,P10060,2026-05-28,1508909.93,1495731.51,-13178.42,-0.8734
PERF100718,P10060,2026-06-27,1495731.51,1495584.87,-146.64,-0.0098
PERF100719,P10060,2026-07-27,1495584.87,1454640.18,-40944.69,-2.7377
PERF100720,P10060,2026-08-26,1454640.18,1521702.36,67062.18,4.6102
PERF100721,P10061,2025-09-30,1930025.92,2019711.68,89685.76,4.6469
PERF100722,P10061,2025-10-30,2019711.68,2126828.25,107116.57,5.3036
PERF100723,P10061,2025-11-29,2126828.25,2161870.81,35042.56,1.6476
PERF100724,P10061,2025-12-29,2161870.81,2119200.81,-42670.0,-1.9738
PERF100725,P10061,2026-01-28,2119200.81,2117645.07,-1555.74,-0.0734
PERF100726,P10061,2026-02-27,2117645.07,2069988.75,-47656.32,-2.2504
PERF100727,P10061,2026-03-29,2069988.75,2053639.59,-16349.16,-0.7898
PERF100728,P10061,2026-04-28,2053639.59,2072905.1,19265.51,0.9381
PERF100729,P10061,2026-05-28,2072905.1,2012156.63,-60748.47,-2.9306
PERF100730,P10061,2026-06-27,2012156.63,2020448.45,8291.82,0.4121
PERF100731,P10061,2026-07-27,2020448.45,2026306.16,5857.71,0.2899
PERF100732,P10061,2026-08-26,2026306.16,2043693.52,17387.36,0.8581
PERF100733,P10062,2025-09-30,1968703.55,1913428.11,-55275.44,-2.8077
PERF100734,P10062,2025-10-30,1913428.11,1889802.97,-23625.14,-1.2347
PERF100735,P10062,2025-11-29,1889802.97,1865600.46,-24202.51,-1.2807
PERF100736,P10062,2025-12-29,1865600.46,1905250.13,39649.67,2.1253
PERF100737,P10062,2026-01-28,1905250.13,1940387.85,35137.72,1.8443
PERF100738,P10062,2026-02-27,1940387.85,1906623.82,-33764.03,-1.7401
PERF100739,P10062,2026-03-29,1906623.82,1858248.03,-48375.79,-2.5372
PERF100740,P10062,2026-04-28,1858248.03,1844161.06,-14086.97,-0.7581
PERF100741,P10062,2026-05-28,1844161.06,1937095.92,92934.86,5.0394
PERF100742,P10062,2026-06-27,1937095.92,1927215.86,-9880.06,-0.51
PERF100743,P10062,2026-07-27,1927215.86,1967335.28,40119.42,2.0817
PERF100744,P10062,2026-08-26,1967335.28,2040848.46,73513.18,3.7367
PERF100745,P10063,2025-09-30,101372.55,100831.09,-541.46,-0.5341
PERF100746,P10063,2025-10-30,100831.09,100339.67,-491.42,-0.4874
PERF100747,P10063,2025-11-29,100339.67,104191.99,3852.32,3.8393
PERF100748,P10063,2025-12-29,104191.99,108605.12,4413.13,4.2356
PERF100749,P10063,2026-01-28,108605.12,114326.47,5721.35,5.268
PERF100750,P10063,2026-02-27,114326.47,111725.68,-2600.79,-2.2749
PERF100751,P10063,2026-03-29,111725.68,111039.67,-686.01,-0.614
PERF100752,P10063,2026-04-28,111039.67,116619.98,5580.31,5.0255
PERF100753,P10063,2026-05-28,116619.98,114646.38,-1973.6,-1.6923
PERF100754,P10063,2026-06-27,114646.38,113875.55,-770.83,-0.6724
PERF100755,P10063,2026-07-27,113875.55,119775.64,5900.09,5.1812
PERF100756,P10063,2026-08-26,119775.64,126026.16,6250.52,5.2185
PERF100757,P10064,2025-09-30,146744.18,145457.28,-1286.9,-0.877
PERF100758,P10064,2025-10-30,145457.28,149464.08,4006.8,2.7546
PERF100759,P10064,2025-11-29,149464.08,150837.75,1373.67,0.9191
PERF100760,P10064,2025-12-29,150837.75,153376.22,2538.47,1.6829
PERF100761,P10064,2026-01-28,153376.22,151354.44,-2021.78,-1.3182
PERF100762,P10064,2026-02-27,151354.44,151179.62,-174.82,-0.1155
PERF100763,P10064,2026-03-29,151179.62,156997.69,5818.07,3.8484
PERF100764,P10064,2026-04-28,156997.69,157054.86,57.17,0.0364
PERF100765,P10064,2026-05-28,157054.86,153167.74,-3887.12,-2.475
PERF100766,P10064,2026-06-27,153167.74,155579.6,2411.86,1.5747
PERF100767,P10064,2026-07-27,155579.6,158426.77,2847.17,1.83
PERF100768,P10064,2026-08-26,158426.77,160661.64,2234.87,1.4107
PERF100769,P10065,2025-09-30,2208932.51,2267147.02,58214.51,2.6354
PERF100770,P10065,2025-10-30,2267147.02,2300040.88,32893.86,1.4509
PERF100771,P10065,2025-11-29,2300040.88,2416814.91,116774.03,5.077
PERF100772,P10065,2025-12-29,2416814.91,2432635.38,15820.47,0.6546
PERF100773,P10065,2026-01-28,2432635.38,2502581.03,69945.65,2.8753
PERF100774,P10065,2026-02-27,2502581.03,2513744.91,11163.88,0.4461
PERF100775,P10065,2026-03-29,2513744.91,2491673.75,-22071.16,-0.878
PERF100776,P10065,2026-04-28,2491673.75,2559833.92,68160.17,2.7355
PERF100777,P10065,2026-05-28,2559833.92,2658917.16,99083.24,3.8707
PERF100778,P10065,2026-06-27,2658917.16,2756257.76,97340.6,3.6609
PERF100779,P10065,2026-07-27,2756257.76,2761281.71,5023.95,0.1823
PERF100780,P10065,2026-08-26,2761281.71,2788721.37,27439.66,0.9937
PERF100781,P10066,2025-09-30,838033.9,856470.85,18436.95,2.2
PERF100782,P10066,2025-10-30,856470.85,845149.94,-11320.91,-1.3218
PERF100783,P10066,2025-11-29,845149.94,865669.9,20519.96,2.428
PERF100784,P10066,2025-12-29,865669.9,891095.73,25425.83,2.9371
PERF100785,P10066,2026-01-28,891095.73,923190.24,32094.51,3.6017
PERF100786,P10066,2026-02-27,923190.24,897024.13,-26166.11,-2.8343
PERF100787,P10066,2026-03-29,897024.13,945609.7,48585.57,5.4163
PERF100788,P10066,2026-04-28,945609.7,953298.57,7688.87,0.8131
PERF100789,P10066,2026-05-28,953298.57,954320.94,1022.37,0.1072
PERF100790,P10066,2026-06-27,954320.94,964432.1,10111.16,1.0595
PERF100791,P10066,2026-07-27,964432.1,1010566.0,46133.9,4.7835
PERF100792,P10066,2026-08-26,1010566.0,1038107.76,27541.76,2.7254
PERF100793,P10067,2025-09-30,2207223.04,2237965.39,30742.35,1.3928
PERF100794,P10067,2025-10-30,2237965.39,2318901.15,80935.76,3.6165
PERF100795,P10067,2025-11-29,2318901.15,2312773.81,-6127.34,-0.2642
PERF100796,P10067,2025-12-29,2312773.81,2418225.05,105451.24,4.5595
PERF100797,P10067,2026-01-28,2418225.05,2450439.53,32214.48,1.3322
PERF100798,P10067,2026-02-27,2450439.53,2505418.16,54978.63,2.2436
PERF100799,P10067,2026-03-29,2505418.16,2436890.9,-68527.26,-2.7352
PERF100800,P10067,2026-04-28,2436890.9,2520246.86,83355.96,3.4206
PERF100801,P10067,2026-05-28,2520246.86,2581196.88,60950.02,2.4184
PERF100802,P10067,2026-06-27,2581196.88,2573326.28,-7870.6,-0.3049
PERF100803,P10067,2026-07-27,2573326.28,2633104.61,59778.33,2.323
PERF100804,P10067,2026-08-26,2633104.61,2551443.35,-81661.26,-3.1013
PERF100805,P10068,2025-09-30,305568.28,321923.74,16355.46,5.3525
PERF100806,P10068,2025-10-30,321923.74,330284.89,8361.15,2.5972
PERF100807,P10068,2025-11-29,330284.89,330603.81,318.92,0.0966
PERF100808,P10068,2025-12-29,330603.81,341428.26,10824.45,3.2741
PERF100809,P10068,2026-01-28,341428.26,359153.34,17725.08,5.1915
PERF100810,P10068,2026-02-27,359153.34,360496.93,1343.59,0.3741
PERF100811,P10068,2026-03-29,360496.93,348221.76,-12275.17,-3.4051
PERF100812,P10068,2026-04-28,348221.76,344142.85,-4078.91,-1.1714
PERF100813,P10068,2026-05-28,344142.85,347914.95,3772.1,1.0961
PERF100814,P10068,2026-06-27,347914.95,351982.7,4067.75,1.1692
PERF100815,P10068,2026-07-27,351982.7,358053.22,6070.52,1.7247
PERF100816,P10068,2026-08-26,358053.22,364058.2,6004.98,1.6771
PERF100817,P10069,2025-09-30,266110.04,267472.54,1362.5,0.512
PERF100818,P10069,2025-10-30,267472.54,267526.59,54.05,0.0202
PERF100819,P10069,2025-11-29,267526.59,276759.15,9232.56,3.4511
PERF100820,P10069,2025-12-29,276759.15,281733.37,4974.22,1.7973
PERF100821,P10069,2026-01-28,281733.37,284562.51,2829.14,1.0042
PERF100822,P10069,2026-02-27,284562.51,283437.65,-1124.86,-0.3953
PERF100823,P10069,2026-03-29,283437.65,274143.91,-9293.74,-3.2789
PERF100824,P10069,2026-04-28,274143.91,267128.41,-7015.5,-2.5591
PERF100825,P10069,2026-05-28,267128.41,267779.61,651.2,0.2438
PERF100826,P10069,2026-06-27,267779.61,281585.12,13805.51,5.1555
PERF100827,P10069,2026-07-27,281585.12,274671.15,-6913.97,-2.4554
PERF100828,P10069,2026-08-26,274671.15,288311.55,13640.4,4.9661
PERF100829,P10070,2025-09-30,1938002.63,1894883.56,-43119.07,-2.2249
PERF100830,P10070,2025-10-30,1894883.56,1881752.27,-13131.29,-0.693
PERF100831,P10070,2025-11-29,1881752.27,1893005.03,11252.76,0.598
PERF100832,P10070,2025-12-29,1893005.03,1861993.93,-31011.1,-1.6382
PERF100833,P10070,2026-01-28,1861993.93,1877752.62,15758.69,0.8463
PERF100834,P10070,2026-02-27,1877752.62,1892501.67,14749.05,0.7855
PERF100835,P10070,2026-03-29,1892501.67,1900894.79,8393.12,0.4435
PERF100836,P10070,2026-04-28,1900894.79,1953566.1,52671.31,2.7709
PERF100837,P10070,2026-05-28,1953566.1,1941262.25,-12303.85,-0.6298
PERF100838,P10070,2026-06-27,1941262.25,1925778.29,-15483.96,-0.7976
PERF100839,P10070,2026-07-27,1925778.29,1998797.51,73019.22,3.7917
PERF100840,P10070,2026-08-26,1998797.51,1949542.49,-49255.02,-2.4642
PERF100841,P10071,2025-09-30,1240677.71,1292074.27,51396.56,4.1426
PERF100842,P10071,2025-10-30,1292074.27,1322201.94,30127.67,2.3317
PERF100843,P10071,2025-11-29,1322201.94,1356503.22,34301.28,2.5943
PERF100844,P10071,2025-12-29,1356503.22,1329090.82,-27412.4,-2.0208
PERF100845,P10071,2026-01-28,1329090.82,1400265.02,71174.2,5.3551
PERF100846,P10071,2026-02-27,1400265.02,1381994.59,-18270.43,-1.3048
PERF100847,P10071,2026-03-29,1381994.59,1355323.19,-26671.4,-1.9299
PERF100848,P10071,2026-04-28,1355323.19,1327420.09,-27903.1,-2.0588
PERF100849,P10071,2026-05-28,1327420.09,1347844.31,20424.22,1.5386
PERF100850,P10071,2026-06-27,1347844.31,1416937.01,69092.7,5.1262
PERF100851,P10071,2026-07-27,1416937.01,1396911.44,-20025.57,-1.4133
PERF100852,P10071,2026-08-26,1396911.44,1398942.93,2031.49,0.1454
PERF100853,P10072,2025-09-30,736135.91,722591.49,-13544.42,-1.8399
PERF100854,P10072,2025-10-30,722591.49,738953.2,16361.71,2.2643
PERF100855,P10072,2025-11-29,738953.2,741829.28,2876.08,0.3892
PERF100856,P10072,2025-12-29,741829.28,717814.27,-24015.01,-3.2373
PERF100857,P10072,2026-01-28,717814.27,732364.1,14549.83,2.027
PERF100858,P10072,2026-02-27,732364.1,719737.56,-12626.54,-1.7241
PERF100859,P10072,2026-03-29,719737.56,732907.52,13169.96,1.8298
PERF100860,P10072,2026-04-28,732907.52,732904.02,-3.5,-0.0005
PERF100861,P10072,2026-05-28,732904.02,753737.7,20833.68,2.8426
PERF100862,P10072,2026-06-27,753737.7,741316.56,-12421.14,-1.6479
PERF100863,P10072,2026-07-27,741316.56,765564.5,24247.94,3.2709
PERF100864,P10072,2026-08-26,765564.5,794491.88,28927.38,3.7786
PERF100865,P10073,2025-09-30,1115531.06,1082768.74,-32762.32,-2.9369
PERF100866,P10073,2025-10-30,1082768.74,1054787.49,-27981.25,-2.5842
PERF100867,P10073,2025-11-29,1054787.49,1100647.69,45860.2,4.3478
PERF100868,P10073,2025-12-29,1100647.69,1080644.94,-20002.75,-1.8174
PERF100869,P10073,2026-01-28,1080644.94,1074527.02,-6117.92,-0.5661
PERF100870,P10073,2026-02-27,1074527.02,1081167.1,6640.08,0.618
PERF100871,P10073,2026-03-29,1081167.1,1068854.56,-12312.54,-1.1388
PERF100872,P10073,2026-04-28,1068854.56,1114427.62,45573.06,4.2637
PERF100873,P10073,2026-05-28,1114427.62,1128351.67,13924.05,1.2494
PERF100874,P10073,2026-06-27,1128351.67,1153761.89,25410.22,2.252
PERF100875,P10073,2026-07-27,1153761.89,1175368.82,21606.93,1.8727
PERF100876,P10073,2026-08-26,1175368.82,1198897.07,23528.25,2.0018
PERF100877,P10074,2025-09-30,1394310.61,1419171.76,24861.15,1.783
PERF100878,P10074,2025-10-30,1419171.76,1413939.58,-5232.18,-0.3687
PERF100879,P10074,2025-11-29,1413939.58,1472047.69,58108.11,4.1097
PERF100880,P10074,2025-12-29,1472047.69,1502316.88,30269.19,2.0563
PERF100881,P10074,2026-01-28,1502316.88,1559760.13,57443.25,3.8236
PERF100882,P10074,2026-02-27,1559760.13,1604274.05,44513.92,2.8539
PERF100883,P10074,2026-03-29,1604274.05,1591070.93,-13203.12,-0.823
PERF100884,P10074,2026-04-28,1591070.93,1623375.41,32304.48,2.0304
PERF100885,P10074,2026-05-28,1623375.41,1578939.85,-44435.56,-2.7372
PERF100886,P10074,2026-06-27,1578939.85,1542711.55,-36228.3,-2.2945
PERF100887,P10074,2026-07-27,1542711.55,1505081.03,-37630.52,-2.4392
PERF100888,P10074,2026-08-26,1505081.03,1493769.14,-11311.89,-0.7516
PERF100889,P10075,2025-09-30,582762.55,571966.29,-10796.26,-1.8526
PERF100890,P10075,2025-10-30,571966.29,587643.48,15677.19,2.7409
PERF100891,P10075,2025-11-29,587643.48,594092.42,6448.94,1.0974
PERF100892,P10075,2025-12-29,594092.42,595661.73,1569.31,0.2642
PERF100893,P10075,2026-01-28,595661.73,582204.57,-13457.16,-2.2592
PERF100894,P10075,2026-02-27,582204.57,581933.2,-271.37,-0.0466
PERF100895,P10075,2026-03-29,581933.2,571294.2,-10639.0,-1.8282
PERF100896,P10075,2026-04-28,571294.2,583974.16,12679.96,2.2195
PERF100897,P10075,2026-05-28,583974.16,599980.29,16006.13,2.7409
PERF100898,P10075,2026-06-27,599980.29,613823.88,13843.59,2.3073
PERF100899,P10075,2026-07-27,613823.88,647578.64,33754.76,5.4991
PERF100900,P10075,2026-08-26,647578.64,657254.85,9676.21,1.4942
PERF100901,P10076,2025-09-30,2488358.46,2510922.35,22563.89,0.9068
PERF100902,P10076,2025-10-30,2510922.35,2454744.7,-56177.65,-2.2373
PERF100903,P10076,2025-11-29,2454744.7,2438327.86,-16416.84,-0.6688
PERF100904,P10076,2025-12-29,2438327.86,2451958.33,13630.47,0.559
PERF100905,P10076,2026-01-28,2451958.33,2377970.52,-73987.81,-3.0175
PERF100906,P10076,2026-02-27,2377970.52,2371582.16,-6388.36,-0.2686
PERF100907,P10076,2026-03-29,2371582.16,2290622.3,-80959.86,-3.4137
PERF100908,P10076,2026-04-28,2290622.3,2238597.97,-52024.33,-2.2712
PERF100909,P10076,2026-05-28,2238597.97,2324491.71,85893.74,3.8369
PERF100910,P10076,2026-06-27,2324491.71,2444771.65,120279.94,5.1745
PERF100911,P10076,2026-07-27,2444771.65,2470415.89,25644.24,1.0489
PERF100912,P10076,2026-08-26,2470415.89,2494001.66,23585.77,0.9547
PERF100913,P10077,2025-09-30,1151440.2,1182094.65,30654.45,2.6623
PERF100914,P10077,2025-10-30,1182094.65,1184939.64,2844.99,0.2407
PERF100915,P10077,2025-11-29,1184939.64,1233036.65,48097.01,4.059
PERF100916,P10077,2025-12-29,1233036.65,1244112.96,11076.31,0.8983
PERF100917,P10077,2026-01-28,1244112.96,1209825.65,-34287.31,-2.756
PERF100918,P10077,2026-02-27,1209825.65,1170842.0,-38983.65,-3.2223
PERF100919,P10077,2026-03-29,1170842.0,1210059.46,39217.46,3.3495
PERF100920,P10077,2026-04-28,1210059.46,1199517.53,-10541.93,-0.8712
PERF100921,P10077,2026-05-28,1199517.53,1187206.6,-12310.93,-1.0263
PERF100922,P10077,2026-06-27,1187206.6,1203097.09,15890.49,1.3385
PERF100923,P10077,2026-07-27,1203097.09,1179202.15,-23894.94,-1.9861
PERF100924,P10077,2026-08-26,1179202.15,1186464.77,7262.62,0.6159
PERF100925,P10078,2025-09-30,390410.07,402835.51,12425.44,3.1827
PERF100926,P10078,2025-10-30,402835.51,416504.83,13669.32,3.3933
PERF100927,P10078,2025-11-29,416504.83,422533.89,6029.06,1.4475
PERF100928,P10078,2025-12-29,422533.89,412050.4,-10483.49,-2.4811
PERF100929,P10078,2026-01-28,412050.4,401863.94,-10186.46,-2.4721
PERF100930,P10078,2026-02-27,401863.94,415832.8,13968.86,3.476
PERF100931,P10078,2026-03-29,415832.8,432089.97,16257.17,3.9095
PERF100932,P10078,2026-04-28,432089.97,431233.38,-856.59,-0.1982
PERF100933,P10078,2026-05-28,431233.38,448066.57,16833.19,3.9035
PERF100934,P10078,2026-06-27,448066.57,434062.23,-14004.34,-3.1255
PERF100935,P10078,2026-07-27,434062.23,446957.45,12895.22,2.9708
PERF100936,P10078,2026-08-26,446957.45,453291.64,6334.19,1.4172
PERF100937,P10079,2025-09-30,911405.35,960693.98,49288.63,5.408
PERF100938,P10079,2025-10-30,960693.98,935924.87,-24769.11,-2.5783
PERF100939,P10079,2025-11-29,935924.87,973087.04,37162.17,3.9706
PERF100940,P10079,2025-12-29,973087.04,1004830.2,31743.16,3.2621
PERF100941,P10079,2026-01-28,1004830.2,996584.37,-8245.83,-0.8206
PERF100942,P10079,2026-02-27,996584.37,1051334.86,54750.49,5.4938
PERF100943,P10079,2026-03-29,1051334.86,1057091.88,5757.02,0.5476
PERF100944,P10079,2026-04-28,1057091.88,1053256.67,-3835.21,-0.3628
PERF100945,P10079,2026-05-28,1053256.67,1093812.92,40556.25,3.8506
PERF100946,P10079,2026-06-27,1093812.92,1098752.9,4939.98,0.4516
PERF100947,P10079,2026-07-27,1098752.9,1158586.8,59833.9,5.4456
PERF100948,P10079,2026-08-26,1158586.8,1198913.56,40326.76,3.4807
PERF100949,P10080,2025-09-30,652275.36,643355.59,-8919.77,-1.3675
PERF100950,P10080,2025-10-30,643355.59,667779.46,24423.87,3.7963
PERF100951,P10080,2025-11-29,667779.46,679741.49,11962.03,1.7913
PERF100952,P10080,2025-12-29,679741.49,677400.99,-2340.5,-0.3443
PERF100953,P10080,2026-01-28,677400.99,697023.84,19622.85,2.8968
PERF100954,P10080,2026-02-27,697023.84,712323.06,15299.22,2.1949
PERF100955,P10080,2026-03-29,712323.06,698032.68,-14290.38,-2.0062
PERF100956,P10080,2026-04-28,698032.68,682348.69,-15683.99,-2.2469
PERF100957,P10080,2026-05-28,682348.69,671155.28,-11193.41,-1.6404
PERF100958,P10080,2026-06-27,671155.28,660165.01,-10990.27,-1.6375
PERF100959,P10080,2026-07-27,660165.01,640585.97,-19579.04,-2.9658
PERF100960,P10080,2026-08-26,640585.97,638390.93,-2195.04,-0.3427
PERF100961,P10081,2025-09-30,270383.41,267760.06,-2623.35,-0.9702
PERF100962,P10081,2025-10-30,267760.06,271371.92,3611.86,1.3489
PERF100963,P10081,2025-11-29,271371.92,269778.65,-1593.27,-0.5871
PERF100964,P10081,2025-12-29,269778.65,277430.88,7652.23,2.8365
PERF100965,P10081,2026-01-28,277430.88,274945.1,-2485.78,-0.896
PERF100966,P10081,2026-02-27,274945.1,271937.44,-3007.66,-1.0939
PERF100967,P10081,2026-03-29,271937.44,283419.05,11481.61,4.2222
PERF100968,P10081,2026-04-28,283419.05,298636.94,15217.89,5.3694
PERF100969,P10081,2026-05-28,298636.94,306442.4,7805.46,2.6137
PERF100970,P10081,2026-06-27,306442.4,298343.21,-8099.19,-2.643
PERF100971,P10081,2026-07-27,298343.21,313752.48,15409.27,5.1649
PERF100972,P10081,2026-08-26,313752.48,324957.27,11204.79,3.5712
PERF100973,P10082,2025-09-30,649460.28,680432.51,30972.23,4.7689
PERF100974,P10082,2025-10-30,680432.51,717396.16,36963.65,5.4324
PERF100975,P10082,2025-11-29,717396.16,748268.79,30872.63,4.3034
PERF100976,P10082,2025-12-29,748268.79,730624.56,-17644.23,-2.358
PERF100977,P10082,2026-01-28,730624.56,762002.76,31378.2,4.2947
PERF100978,P10082,2026-02-27,762002.76,752455.59,-9547.17,-1.2529
PERF100979,P10082,2026-03-29,752455.59,774296.02,21840.43,2.9026
PERF100980,P10082,2026-04-28,774296.02,804929.77,30633.75,3.9563
PERF100981,P10082,2026-05-28,804929.77,831921.18,26991.41,3.3533
PERF100982,P10082,2026-06-27,831921.18,853435.59,21514.41,2.5861
PERF100983,P10082,2026-07-27,853435.59,861160.28,7724.69,0.9051
PERF100984,P10082,2026-08-26,861160.28,875772.7,14612.42,1.6968
PERF100985,P10083,2025-09-30,2163124.96,2139729.78,-23395.18,-1.0815
PERF100986,P10083,2025-10-30,2139729.78,2144608.92,4879.14,0.228
PERF100987,P10083,2025-11-29,2144608.92,2156788.7,12179.78,0.5679
PERF100988,P10083,2025-12-29,2156788.7,2204295.2,47506.5,2.2026
PERF100989,P10083,2026-01-28,2204295.2,2301749.86,97454.66,4.4211
PERF100990,P10083,2026-02-27,2301749.86,2240473.9,-61275.96,-2.6621
PERF100991,P10083,2026-03-29,2240473.9,2266026.98,25553.08,1.1405
PERF100992,P10083,2026-04-28,2266026.98,2243458.06,-22568.92,-0.996
PERF100993,P10083,2026-05-28,2243458.06,2353993.8,110535.74,4.927
PERF100994,P10083,2026-06-27,2353993.8,2349795.23,-4198.57,-0.1784
PERF100995,P10083,2026-07-27,2349795.23,2468513.62,118718.39,5.0523
PERF100996,P10083,2026-08-26,2468513.62,2454828.27,-13685.35,-0.5544
PERF100997,P10084,2025-09-30,671211.12,647868.13,-23342.99,-3.4777
PERF100998,P10084,2025-10-30,647868.13,670331.13,22463.0,3.4672
PERF100999,P10084,2025-11-29,670331.13,691074.64,20743.51,3.0945
PERF101000,P10084,2025-12-29,691074.64,712348.59,21273.95,3.0784
PERF101001,P10084,2026-01-28,712348.59,716808.2,4459.61,0.626
PERF101002,P10084,2026-02-27,716808.2,734565.65,17757.45,2.4773
PERF101003,P10084,2026-03-29,734565.65,732538.28,-2027.37,-0.276
PERF101004,P10084,2026-04-28,732538.28,711074.73,-21463.55,-2.93
PERF101005,P10084,2026-05-28,711074.73,720388.53,9313.8,1.3098
PERF101006,P10084,2026-06-27,720388.53,709297.93,-11090.6,-1.5395
PERF101007,P10084,2026-07-27,709297.93,711899.55,2601.62,0.3668
PERF101008,P10084,2026-08-26,711899.55,700556.59,-11342.96,-1.5933
PERF101009,P10085,2025-09-30,614168.34,607515.86,-6652.48,-1.0832
PERF101010,P10085,2025-10-30,607515.86,631543.67,24027.81,3.9551
PERF101011,P10085,2025-11-29,631543.67,628637.28,-2906.39,-0.4602
PERF101012,P10085,2025-12-29,628637.28,639332.93,10695.65,1.7014
PERF101013,P10085,2026-01-28,639332.93,649532.07,10199.14,1.5953
PERF101014,P10085,2026-02-27,649532.07,655170.28,5638.21,0.868
PERF101015,P10085,2026-03-29,655170.28,652508.04,-2662.24,-0.4063
PERF101016,P10085,2026-04-28,652508.04,669753.61,17245.57,2.643
PERF101017,P10085,2026-05-28,669753.61,649230.24,-20523.37,-3.0643
PERF101018,P10085,2026-06-27,649230.24,632325.41,-16904.83,-2.6038
PERF101019,P10085,2026-07-27,632325.41,654804.63,22479.22,3.555
PERF101020,P10085,2026-08-26,654804.63,658970.73,4166.1,0.6362
PERF101021,P10086,2025-09-30,2345234.18,2289373.86,-55860.32,-2.3819
PERF101022,P10086,2025-10-30,2289373.86,2385959.44,96585.58,4.2189
PERF101023,P10086,2025-11-29,2385959.44,2397210.99,11251.55,0.4716
PERF101024,P10086,2025-12-29,2397210.99,2313454.44,-83756.55,-3.4939
PERF101025,P10086,2026-01-28,2313454.44,2431956.19,118501.75,5.1223
PERF101026,P10086,2026-02-27,2431956.19,2391120.33,-40835.86,-1.6791
PERF101027,P10086,2026-03-29,2391120.33,2455616.66,64496.33,2.6973
PERF101028,P10086,2026-04-28,2455616.66,2398823.59,-56793.07,-2.3128
PERF101029,P10086,2026-05-28,2398823.59,2455195.34,56371.75,2.35
PERF101030,P10086,2026-06-27,2455195.34,2404392.37,-50802.97,-2.0692
PERF101031,P10086,2026-07-27,2404392.37,2522076.08,117683.71,4.8945
PERF101032,P10086,2026-08-26,2522076.08,2496002.23,-26073.85,-1.0338
PERF101033,P10087,2025-09-30,1234410.46,1263928.81,29518.35,2.3913
PERF101034,P10087,2025-10-30,1263928.81,1248173.98,-15754.83,-1.2465
PERF101035,P10087,2025-11-29,1248173.98,1246259.21,-1914.77,-0.1534
PERF101036,P10087,2025-12-29,1246259.21,1304013.38,57754.17,4.6342
PERF101037,P10087,2026-01-28,1304013.38,1277799.13,-26214.25,-2.0103
PERF101038,P10087,2026-02-27,1277799.13,1278656.2,857.07,0.0671
PERF101039,P10087,2026-03-29,1278656.2,1269060.95,-9595.25,-0.7504
PERF101040,P10087,2026-04-28,1269060.95,1304530.85,35469.9,2.795
PERF101041,P10087,2026-05-28,1304530.85,1286362.58,-18168.27,-1.3927
PERF101042,P10087,2026-06-27,1286362.58,1317227.14,30864.56,2.3994
PERF101043,P10087,2026-07-27,1317227.14,1354547.9,37320.76,2.8333
PERF101044,P10087,2026-08-26,1354547.9,1307271.15,-47276.75,-3.4902
PERF101045,P10088,2025-09-30,2037992.79,2054118.62,16125.83,0.7913
PERF101046,P10088,2025-10-30,2054118.62,2006756.77,-47361.85,-2.3057
PERF101047,P10088,2025-11-29,2006756.77,1977372.19,-29384.58,-1.4643
PERF101048,P10088,2025-12-29,1977372.19,2029176.27,51804.08,2.6198
PERF101049,P10088,2026-01-28,2029176.27,1959851.14,-69325.13,-3.4164
PERF101050,P10088,2026-02-27,1959851.14,2013950.36,54099.22,2.7604
PERF101051,P10088,2026-03-29,2013950.36,2091567.63,77617.27,3.854
PERF101052,P10088,2026-04-28,2091567.63,2204374.12,112806.49,5.3934
PERF101053,P10088,2026-05-28,2204374.12,2211005.44,6631.32,0.3008
PERF101054,P10088,2026-06-27,2211005.44,2159921.85,-51083.59,-2.3104
PERF101055,P10088,2026-07-27,2159921.85,2098093.11,-61828.74,-2.8625
PERF101056,P10088,2026-08-26,2098093.11,2096994.32,-1098.79,-0.0524
PERF101057,P10089,2025-09-30,332633.95,342868.67,10234.72,3.0769
PERF101058,P10089,2025-10-30,342868.67,334028.98,-8839.69,-2.5782
PERF101059,P10089,2025-11-29,334028.98,331758.13,-2270.85,-0.6798
PERF101060,P10089,2025-12-29,331758.13,346451.37,14693.24,4.4289
PERF101061,P10089,2026-01-28,346451.37,338601.35,-7850.02,-2.2658
PERF101062,P10089,2026-02-27,338601.35,350320.83,11719.48,3.4611
PERF101063,P10089,2026-03-29,350320.83,361805.82,11484.99,3.2784
PERF101064,P10089,2026-04-28,361805.82,353478.19,-8327.63,-2.3017
PERF101065,P10089,2026-05-28,353478.19,372694.9,19216.71,5.4365
PERF101066,P10089,2026-06-27,372694.9,364442.23,-8252.67,-2.2143
PERF101067,P10089,2026-07-27,364442.23,369087.32,4645.09,1.2746
PERF101068,P10089,2026-08-26,369087.32,356450.78,-12636.54,-3.4237
PERF101069,P10090,2025-09-30,1116588.7,1142830.57,26241.87,2.3502
PERF101070,P10090,2025-10-30,1142830.57,1148097.82,5267.25,0.4609
PERF101071,P10090,2025-11-29,1148097.82,1182562.43,34464.61,3.0019
PERF101072,P10090,2025-12-29,1182562.43,1208019.69,25457.26,2.1527
PERF101073,P10090,2026-01-28,1208019.69,1182196.66,-25823.03,-2.1376
PERF101074,P10090,2026-02-27,1182196.66,1184624.76,2428.1,0.2054
PERF101075,P10090,2026-03-29,1184624.76,1216361.99,31737.23,2.6791
PERF101076,P10090,2026-04-28,1216361.99,1267931.64,51569.65,4.2397
PERF101077,P10090,2026-05-28,1267931.64,1233446.34,-34485.3,-2.7198
PERF101078,P10090,2026-06-27,1233446.34,1201428.37,-32017.97,-2.5958
PERF101079,P10090,2026-07-27,1201428.37,1240739.24,39310.87,3.272
PERF101080,P10090,2026-08-26,1240739.24,1263149.04,22409.8,1.8062
PERF101081,P10091,2025-09-30,1849782.04,1848973.45,-808.59,-0.0437
PERF101082,P10091,2025-10-30,1848973.45,1944551.3,95577.85,5.1692
PERF101083,P10091,2025-11-29,1944551.3,1931533.17,-13018.13,-0.6695
PERF101084,P10091,2025-12-29,1931533.17,1888237.31,-43295.86,-2.2415
PERF101085,P10091,2026-01-28,1888237.31,1869217.26,-19020.05,-1.0073
PERF101086,P10091,2026-02-27,1869217.26,1817967.78,-51249.48,-2.7418
PERF101087,P10091,2026-03-29,1817967.78,1844884.06,26916.28,1.4806
PERF101088,P10091,2026-04-28,1844884.06,1879938.16,35054.1,1.9001
PERF101089,P10091,2026-05-28,1879938.16,1916941.7,37003.54,1.9683
PERF101090,P10091,2026-06-27,1916941.7,1984240.29,67298.59,3.5107
PERF101091,P10091,2026-07-27,1984240.29,2038098.22,53857.93,2.7143
PERF101092,P10091,2026-08-26,2038098.22,2122292.65,84194.43,4.131
PERF101093,P10092,2025-09-30,2461996.51,2521715.89,59719.38,2.4256
PERF101094,P10092,2025-10-30,2521715.89,2501916.49,-19799.4,-0.7852
PERF101095,P10092,2025-11-29,2501916.49,2530932.27,29015.78,1.1597
PERF101096,P10092,2025-12-29,2530932.27,2558410.68,27478.41,1.0857
PERF101097,P10092,2026-01-28,2558410.68,2641062.51,82651.83,3.2306
PERF101098,P10092,2026-02-27,2641062.51,2618874.37,-22188.14,-0.8401
PERF101099,P10092,2026-03-29,2618874.37,2540075.64,-78798.73,-3.0089
PERF101100,P10092,2026-04-28,2540075.64,2656441.92,116366.28,4.5812
PERF101101,P10092,2026-05-28,2656441.92,2791709.1,135267.18,5.092
PERF101102,P10092,2026-06-27,2791709.1,2818341.71,26632.61,0.954
PERF101103,P10092,2026-07-27,2818341.71,2748297.27,-70044.44,-2.4853
PERF101104,P10092,2026-08-26,2748297.27,2775676.99,27379.72,0.9962
PERF101105,P10093,2025-09-30,1066291.08,1085968.07,19676.99,1.8454
PERF101106,P10093,2025-10-30,1085968.07,1099592.39,13624.32,1.2546
PERF101107,P10093,2025-11-29,1099592.39,1157862.79,58270.4,5.2993
PERF101108,P10093,2025-12-29,1157862.79,1220178.3,62315.51,5.3819
PERF101109,P10093,2026-01-28,1220178.3,1280031.95,59853.65,4.9053
PERF101110,P10093,2026-02-27,1280031.95,1250435.64,-29596.31,-2.3122
PERF101111,P10093,2026-03-29,1250435.64,1303545.72,53110.08,4.2473
PERF101112,P10093,2026-04-28,1303545.72,1324603.5,21057.78,1.6154
PERF101113,P10093,2026-05-28,1324603.5,1321804.77,-2798.73,-0.2113
PERF101114,P10093,2026-06-27,1321804.77,1356786.05,34981.28,2.6465
PERF101115,P10093,2026-07-27,1356786.05,1402435.57,45649.52,3.3645
PERF101116,P10093,2026-08-26,1402435.57,1473820.62,71385.05,5.0901
PERF101117,P10094,2025-09-30,2168014.09,2242448.59,74434.5,3.4333
PERF101118,P10094,2025-10-30,2242448.59,2167331.15,-75117.44,-3.3498
PERF101119,P10094,2025-11-29,2167331.15,2104647.45,-62683.7,-2.8922
PERF101120,P10094,2025-12-29,2104647.45,2080647.47,-23999.98,-1.1403
PERF101121,P10094,2026-01-28,2080647.47,2015282.72,-65364.75,-3.1416
PERF101122,P10094,2026-02-27,2015282.72,1955715.39,-59567.33,-2.9558
PERF101123,P10094,2026-03-29,1955715.39,2026191.75,70476.36,3.6036
PERF101124,P10094,2026-04-28,2026191.75,2047659.16,21467.41,1.0595
PERF101125,P10094,2026-05-28,2047659.16,2091829.96,44170.8,2.1571
PERF101126,P10094,2026-06-27,2091829.96,2112945.74,21115.78,1.0094
PERF101127,P10094,2026-07-27,2112945.74,2117993.31,5047.57,0.2389
PERF101128,P10094,2026-08-26,2117993.31,2177642.27,59648.96,2.8163
PERF101129,P10095,2025-09-30,556501.38,541152.24,-15349.14,-2.7581
PERF101130,P10095,2025-10-30,541152.24,548344.6,7192.36,1.3291
PERF101131,P10095,2025-11-29,548344.6,559555.09,11210.49,2.0444
PERF101132,P10095,2025-12-29,559555.09,553943.93,-5611.16,-1.0028
PERF101133,P10095,2026-01-28,553943.93,550006.29,-3937.64,-0.7108
PERF101134,P10095,2026-02-27,550006.29,556065.94,6059.65,1.1017
PERF101135,P10095,2026-03-29,556065.94,546772.84,-9293.1,-1.6712
PERF101136,P10095,2026-04-28,546772.84,567400.07,20627.23,3.7725
PERF101137,P10095,2026-05-28,567400.07,574932.37,7532.3,1.3275
PERF101138,P10095,2026-06-27,574932.37,575027.71,95.34,0.0166
PERF101139,P10095,2026-07-27,575027.71,587728.05,12700.34,2.2086
PERF101140,P10095,2026-08-26,587728.05,611300.28,23572.23,4.0107
PERF101141,P10096,2025-09-30,1112515.94,1141769.56,29253.62,2.6295
PERF101142,P10096,2025-10-30,1141769.56,1108601.56,-33168.0,-2.905
PERF101143,P10096,2025-11-29,1108601.56,1139510.29,30908.73,2.7881
PERF101144,P10096,2025-12-29,1139510.29,1174488.99,34978.7,3.0696
PERF101145,P10096,2026-01-28,1174488.99,1222856.95,48367.96,4.1182
PERF101146,P10096,2026-02-27,1222856.95,1186429.92,-36427.03,-2.9788
PERF101147,P10096,2026-03-29,1186429.92,1154110.56,-32319.36,-2.7241
PERF101148,P10096,2026-04-28,1154110.56,1158846.48,4735.92,0.4104
PERF101149,P10096,2026-05-28,1158846.48,1165571.81,6725.33,0.5803
PERF101150,P10096,2026-06-27,1165571.81,1188644.21,23072.4,1.9795
PERF101151,P10096,2026-07-27,1188644.21,1180128.89,-8515.32,-0.7164
PERF101152,P10096,2026-08-26,1180128.89,1217600.83,37471.94,3.1752
PERF101153,P10097,2025-09-30,699535.47,721682.23,22146.76,3.1659
PERF101154,P10097,2025-10-30,721682.23,704181.34,-17500.89,-2.425
PERF101155,P10097,2025-11-29,704181.34,724399.13,20217.79,2.8711
PERF101156,P10097,2025-12-29,724399.13,744780.07,20380.94,2.8135
PERF101157,P10097,2026-01-28,744780.07,729694.5,-15085.57,-2.0255
PERF101158,P10097,2026-02-27,729694.5,766742.15,37047.65,5.0771
PERF101159,P10097,2026-03-29,766742.15,775997.1,9254.95,1.207
PERF101160,P10097,2026-04-28,775997.1,803520.82,27523.72,3.5469
PERF101161,P10097,2026-05-28,803520.82,827521.1,24000.28,2.9869
PERF101162,P10097,2026-06-27,827521.1,810992.74,-16528.36,-1.9973
PERF101163,P10097,2026-07-27,810992.74,791872.58,-19120.16,-2.3576
PERF101164,P10097,2026-08-26,791872.58,819826.6,27954.02,3.5301
PERF101165,P10098,2025-09-30,1163513.79,1150934.81,-12578.98,-1.0811
PERF101166,P10098,2025-10-30,1150934.81,1202470.6,51535.79,4.4777
PERF101167,P10098,2025-11-29,1202470.6,1243870.13,41399.53,3.4429
PERF101168,P10098,2025-12-29,1243870.13,1203621.06,-40249.07,-3.2358
PERF101169,P10098,2026-01-28,1203621.06,1248925.0,45303.94,3.764
PERF101170,P10098,2026-02-27,1248925.0,1235784.13,-13140.87,-1.0522
PERF101171,P10098,2026-03-29,1235784.13,1199635.56,-36148.57,-2.9252
PERF101172,P10098,2026-04-28,1199635.56,1234555.86,34920.3,2.9109
PERF101173,P10098,2026-05-28,1234555.86,1255418.19,20862.33,1.6899
PERF101174,P10098,2026-06-27,1255418.19,1220186.51,-35231.68,-2.8064
PERF101175,P10098,2026-07-27,1220186.51,1227468.34,7281.83,0.5968
PERF101176,P10098,2026-08-26,1227468.34,1224290.61,-3177.73,-0.2589
PERF101177,P10099,2025-09-30,1420780.75,1434938.69,14157.94,0.9965
PERF101178,P10099,2025-10-30,1434938.69,1457926.05,22987.36,1.602
PERF101179,P10099,2025-11-29,1457926.05,1455144.18,-2781.87,-0.1908
PERF101180,P10099,2025-12-29,1455144.18,1437624.89,-17519.29,-1.204
PERF101181,P10099,2026-01-28,1437624.89,1400622.5,-37002.39,-2.5739
PERF101182,P10099,2026-02-27,1400622.5,1423945.82,23323.32,1.6652
PERF101183,P10099,2026-03-29,1423945.82,1466735.47,42789.65,3.005
PERF101184,P10099,2026-04-28,1466735.47,1445550.53,-21184.94,-1.4444
PERF101185,P10099,2026-05-28,1445550.53,1461154.15,15603.62,1.0794
PERF101186,P10099,2026-06-27,1461154.15,1415804.91,-45349.24,-3.1037
PERF101187,P10099,2026-07-27,1415804.91,1476208.19,60403.28,4.2664
PERF101188,P10099,2026-08-26,1476208.19,1457031.7,-19176.49,-1.299
PERF101189,P10100,2025-09-30,2498277.92,2516912.11,18634.19,0.7459
PERF101190,P10100,2025-10-30,2516912.11,2515573.5,-1338.61,-0.0532
PERF101191,P10100,2025-11-29,2515573.5,2461507.84,-54065.66,-2.1492
PERF101192,P10100,2025-12-29,2461507.84,2581640.27,120132.43,4.8804
PERF101193,P10100,2026-01-28,2581640.27,2690517.51,108877.24,4.2174
PERF101194,P10100,2026-02-27,2690517.51,2730223.71,39706.2,1.4758
PERF101195,P10100,2026-03-29,2730223.71,2859241.22,129017.51,4.7255
PERF101196,P10100,2026-04-28,2859241.22,2949764.58,90523.36,3.166
PERF101197,P10100,2026-05-28,2949764.58,2957856.48,8091.9,0.2743
PERF101198,P10100,2026-06-27,2957856.48,2939997.48,-17859.0,-0.6038
PERF101199,P10100,2026-07-27,2939997.48,2947238.97,7241.49,0.2463
PERF101200,P10100,2026-08-26,2947238.97,3035143.06,87904.09,2.9826
