holding_id,portfolio_id,security_id,quantity,purchase_price,current_price,market_value,as_of_date
H100001,P10001,SEC10001,4324.3824,29.5,27.5,118920.52,2026-08-01
H100002,P10002,SEC10012,4055.7509,225.2,215.62,874501.01,2026-08-02
H100003,P10003,SEC10023,133.6839,403.21,402.82,53850.55,2026-08-03
H100004,P10004,SEC10034,1667.6055,122.88,116.01,193458.91,2026-08-04
H100005,P10005,SEC10045,4013.1533,311.3,299.55,1202140.07,2026-08-05
H100006,P10006,SEC10056,4055.6391,432.85,503.29,2041162.6,2026-08-06
H100007,P10007,SEC10067,3938.9988,169.16,208.21,820138.94,2026-08-07
H100008,P10008,SEC10078,4362.1122,413.31,398.34,1737603.77,2026-08-08
H100009,P10009,SEC10089,1119.9443,110.02,107.34,120214.82,2026-08-09
H100010,P10010,SEC10100,2306.9131,266.49,305.76,705361.75,2026-08-10
H100011,P10011,SEC10111,3978.774,421.66,497.08,1977768.98,2026-08-01
H100012,P10012,SEC10002,128.0855,37.03,44.19,5660.1,2026-08-02
H100013,P10013,SEC10013,1648.0271,236.67,227.72,375288.73,2026-08-03
H100014,P10014,SEC10024,4834.7766,365.78,423.48,2047431.19,2026-08-04
H100015,P10015,SEC10035,3210.9939,113.69,126.34,405676.97,2026-08-05
H100016,P10016,SEC10046,4905.9369,305.88,325.11,1594969.15,2026-08-06
H100017,P10017,SEC10057,4696.7933,21.09,25.89,121599.98,2026-08-07
H100018,P10018,SEC10069,4852.299,203.07,243.62,1182117.08,2026-08-08
H100019,P10019,SEC10080,4813.0462,373.01,433.91,2088428.88,2026-08-09
H100020,P10020,SEC10091,550.9287,123.23,135.36,74573.71,2026-08-10
H100021,P10021,SEC10102,3645.4399,292.91,335.1,1221586.91,2026-08-01
H100022,P10022,SEC10113,3034.9822,38.67,41.43,125739.31,2026-08-02
H100023,P10023,SEC10004,1932.1252,63.63,66.77,129008.0,2026-08-03
H100024,P10024,SEC10015,1281.0653,268.51,270.5,346528.16,2026-08-04
H100025,P10025,SEC10026,18.4395,481.88,455.6,8401.04,2026-08-05
H100026,P10026,SEC10037,2696.8755,170.84,171.56,462675.96,2026-08-06
H100027,P10027,SEC10048,3712.3309,348.05,354.72,1316838.02,2026-08-07
H100028,P10028,SEC10059,1827.4651,51.02,63.7,116409.53,2026-08-08
H100029,P10029,SEC10070,3324.546,220.35,250.66,833330.7,2026-08-09
H100030,P10030,SEC10081,1576.4391,468.67,453.08,714253.03,2026-08-10
H100031,P10031,SEC10092,3601.5738,143.57,165.01,594295.69,2026-08-01
H100032,P10032,SEC10103,1553.3305,322.28,357.09,554678.79,2026-08-02
H100033,P10033,SEC10114,2017.9779,49.04,56.45,113914.85,2026-08-03
H100034,P10034,SEC10005,645.1661,80.87,89.25,57581.07,2026-08-04
H100035,P10035,SEC10017,4702.4147,293.79,298.81,1405128.54,2026-08-05
H100036,P10036,SEC10028,4514.9997,477.15,494.63,2233254.3,2026-08-06
H100037,P10037,SEC10039,1511.7399,190.36,201.57,304721.41,2026-08-07
H100038,P10038,SEC10050,12.0256,335.98,387.93,4665.09,2026-08-08
H100039,P10039,SEC10061,2155.1419,103.31,108.29,233380.32,2026-08-09
H100040,P10040,SEC10072,3276.9811,266.71,290.06,950521.14,2026-08-10
H100041,P10041,SEC10083,2216.3774,410.65,486.49,1078245.44,2026-08-01
H100042,P10042,SEC10094,2371.1991,201.25,191.6,454321.75,2026-08-02
H100043,P10043,SEC10105,3982.1636,316.45,380.85,1516607.01,2026-08-03
H100044,P10044,SEC10116,433.1297,96.92,103.7,44915.55,2026-08-04
H100045,P10045,SEC10007,3168.3749,107.99,122.64,388569.5,2026-08-05
H100046,P10046,SEC10018,4093.9331,320.48,318.78,1305063.99,2026-08-06
H100047,P10047,SEC10029,3367.2504,17.69,20.88,70308.19,2026-08-07
H100048,P10048,SEC10040,1003.6584,172.69,219.34,220142.43,2026-08-08
H100049,P10049,SEC10051,1231.7643,374.15,405.56,499554.33,2026-08-09
H100050,P10050,SEC10062,4250.1911,100.74,125.64,533994.01,2026-08-10
H100051,P10051,SEC10073,2078.0606,303.52,313.25,650952.48,2026-08-01
H100052,P10052,SEC10085,980.2318,38.47,38.9,38131.02,2026-08-02
H100053,P10053,SEC10096,2476.9421,197.07,230.98,572124.09,2026-08-03
H100054,P10054,SEC10107,3283.7295,326.85,418.15,1373091.49,2026-08-04
H100055,P10055,SEC10118,3757.3127,135.7,134.22,504306.51,2026-08-05
H100056,P10056,SEC10009,541.8706,142.5,157.02,85084.52,2026-08-06
H100057,P10057,SEC10020,887.6745,370.15,346.78,307827.76,2026-08-07
H100058,P10058,SEC10031,2594.6092,43.24,54.38,141094.85,2026-08-08
H100059,P10059,SEC10042,1253.4994,262.26,253.51,317774.63,2026-08-09
H100060,P10060,SEC10053,2287.7445,445.31,436.4,998371.7,2026-08-10
H100061,P10061,SEC10064,3341.2129,160.2,148.83,497272.72,2026-08-01
H100062,P10062,SEC10075,2981.3071,361.6,339.53,1012243.2,2026-08-02
H100063,P10063,SEC10086,4458.2154,60.66,62.94,280600.08,2026-08-03
H100064,P10064,SEC10097,3599.1771,229.47,246.36,886693.27,2026-08-04
H100065,P10065,SEC10108,4154.5402,420.21,444.97,1848645.75,2026-08-05
H100066,P10066,SEC10119,4487.0684,144.58,144.13,646721.17,2026-08-06
H100067,P10067,SEC10010,2378.6254,157.9,184.09,437881.15,2026-08-07
H100068,P10068,SEC10021,1243.7263,364.14,374.9,466272.99,2026-08-08
H100069,P10069,SEC10033,3831.4103,91.17,97.36,373026.11,2026-08-09
H100070,P10070,SEC10044,3137.4747,253.43,293.87,922009.69,2026-08-10
H100071,P10071,SEC10055,396.6419,420.7,485.96,192752.1,2026-08-01
H100072,P10072,SEC10066,1365.8584,168.45,192.31,262668.23,2026-08-02
H100073,P10073,SEC10077,2705.3596,307.11,373.83,1011344.58,2026-08-03
H100074,P10074,SEC10088,1163.9948,83.67,84.67,98555.44,2026-08-04
H100075,P10075,SEC10099,3535.0315,220.17,275.46,973759.78,2026-08-05
H100076,P10076,SEC10110,2043.9209,451.69,479.1,979242.5,2026-08-06
H100077,P10077,SEC10001,2084.7134,23.16,27.5,57329.62,2026-08-07
H100078,P10078,SEC10012,2106.5162,226.71,215.62,454207.02,2026-08-08
H100079,P10079,SEC10023,2924.5563,398.25,402.82,1178069.77,2026-08-09
H100080,P10080,SEC10034,4285.0928,117.13,116.01,497113.62,2026-08-10
H100081,P10081,SEC10045,1908.1013,234.18,299.55,571571.74,2026-08-01
H100082,P10082,SEC10056,1765.2764,506.33,503.29,888445.96,2026-08-02
H100083,P10083,SEC10067,4268.7053,221.96,208.21,888787.13,2026-08-03
H100084,P10084,SEC10078,2100.9162,400.03,398.34,836878.96,2026-08-04
H100085,P10085,SEC10089,2735.2002,103.15,107.34,293596.39,2026-08-05
H100086,P10086,SEC10101,1110.4881,273.59,323.46,359198.48,2026-08-06
H100087,P10087,SEC10112,2184.8215,18.48,23.43,51190.37,2026-08-07
H100088,P10088,SEC10003,1687.2864,59.34,60.32,101777.12,2026-08-08
H100089,P10089,SEC10014,2027.5402,202.88,244.58,495895.78,2026-08-09
H100090,P10090,SEC10025,2342.2768,351.69,429.79,1006687.15,2026-08-10
H100091,P10091,SEC10036,3115.0622,111.81,141.87,441933.87,2026-08-01
H100092,P10092,SEC10047,1976.1611,317.87,334.84,661697.78,2026-08-02
H100093,P10093,SEC10058,145.2392,44.26,45.5,6608.38,2026-08-03
H100094,P10094,SEC10069,687.1404,223.77,243.62,167401.14,2026-08-04
H100095,P10095,SEC10080,260.9203,387.8,433.91,113215.93,2026-08-05
H100096,P10096,SEC10091,1066.1848,118.85,135.36,144318.77,2026-08-06
H100097,P10097,SEC10102,3808.5362,299.49,335.1,1276240.48,2026-08-07
H100098,P10098,SEC10113,3762.529,42.66,41.43,155881.58,2026-08-08
H100099,P10099,SEC10004,1268.8349,53.72,66.77,84720.11,2026-08-09
H100100,P10100,SEC10015,106.7226,254.76,270.5,28868.46,2026-08-10
H100101,P10001,SEC10026,4999.5401,403.2,455.6,2277790.47,2026-08-01
H100102,P10002,SEC10037,3254.219,174.03,171.56,558293.81,2026-08-02
H100103,P10003,SEC10049,3262.2557,378.87,376.51,1228271.89,2026-08-03
H100104,P10004,SEC10060,4748.5625,77.06,91.76,435728.1,2026-08-04
H100105,P10005,SEC10071,111.6963,232.0,280.97,31383.31,2026-08-05
H100106,P10006,SEC10082,639.8427,453.37,462.23,295754.49,2026-08-06
H100107,P10007,SEC10093,2824.2082,152.36,180.23,509007.04,2026-08-07
H100108,P10008,SEC10104,3500.3302,374.16,370.43,1296627.32,2026-08-08
H100109,P10009,SEC10115,847.2678,81.46,84.66,71729.69,2026-08-09
H100110,P10010,SEC10006,3742.149,83.28,102.27,382709.58,2026-08-10
H100111,P10011,SEC10017,4098.3129,319.55,298.81,1224616.88,2026-08-01
H100112,P10012,SEC10028,549.4128,389.62,494.63,271756.05,2026-08-02
H100113,P10013,SEC10039,1566.6666,198.18,201.57,315792.99,2026-08-03
H100114,P10014,SEC10050,4791.2825,348.75,387.93,1858682.22,2026-08-04
H100115,P10015,SEC10061,3577.9234,86.94,108.29,387453.32,2026-08-05
H100116,P10016,SEC10072,3456.1659,280.83,290.06,1002495.48,2026-08-06
H100117,P10017,SEC10083,518.4875,492.2,486.49,252238.98,2026-08-07
H100118,P10018,SEC10094,4252.9633,183.96,191.6,814867.77,2026-08-08
H100119,P10019,SEC10105,614.0648,409.47,380.85,233866.58,2026-08-09
H100120,P10020,SEC10117,3915.3504,100.28,113.42,444079.04,2026-08-10
H100121,P10021,SEC10008,2147.6063,119.89,134.53,288917.48,2026-08-01
H100122,P10022,SEC10019,2534.7443,288.66,327.14,829216.25,2026-08-02
H100123,P10023,SEC10030,4249.3824,52.46,51.1,217143.44,2026-08-03
H100124,P10024,SEC10041,536.639,249.44,233.51,125310.57,2026-08-04
H100125,P10025,SEC10052,3181.5697,442.2,429.9,1367756.81,2026-08-05
H100126,P10026,SEC10063,3539.4701,122.8,134.85,477297.54,2026-08-06
H100127,P10027,SEC10074,3671.6386,358.36,335.03,1230109.08,2026-08-07
H100128,P10028,SEC10085,1357.7112,39.77,38.9,52814.97,2026-08-08
H100129,P10029,SEC10096,2695.4828,213.67,230.98,622602.62,2026-08-09
H100130,P10030,SEC10107,2183.5167,417.86,418.15,913037.51,2026-08-10
H100131,P10031,SEC10118,1349.2937,138.99,134.22,181102.2,2026-08-01
H100132,P10032,SEC10009,4155.3478,126.56,157.02,652472.71,2026-08-02
H100133,P10033,SEC10020,4409.3396,295.86,346.78,1529070.79,2026-08-03
H100134,P10034,SEC10031,2328.8952,52.37,54.38,126645.32,2026-08-04
H100135,P10035,SEC10042,1901.1566,199.92,253.51,481962.21,2026-08-05
H100136,P10036,SEC10053,4256.2547,364.2,436.4,1857429.55,2026-08-06
H100137,P10037,SEC10065,1068.4781,180.45,177.02,189141.99,2026-08-07
H100138,P10038,SEC10076,1708.2908,372.32,356.6,609176.5,2026-08-08
H100139,P10039,SEC10087,3508.9069,68.48,79.36,278466.85,2026-08-09
H100140,P10040,SEC10098,60.6541,273.6,257.04,15590.53,2026-08-10
H100141,P10041,SEC10109,437.2087,458.87,460.7,201422.05,2026-08-01
H100142,P10042,SEC10120,2448.0035,175.21,173.91,425732.29,2026-08-02
H100143,P10043,SEC10011,3456.1406,184.96,189.94,656459.35,2026-08-03
H100144,P10044,SEC10022,2459.1985,392.94,386.04,949348.99,2026-08-04
H100145,P10045,SEC10033,474.3362,82.41,97.36,46181.37,2026-08-05
H100146,P10046,SEC10044,3462.0179,256.21,293.87,1017383.2,2026-08-06
H100147,P10047,SEC10055,2911.9624,448.04,485.96,1415097.25,2026-08-07
H100148,P10048,SEC10066,2659.3004,174.55,192.31,511410.06,2026-08-08
H100149,P10049,SEC10077,3732.2178,328.69,373.83,1395214.98,2026-08-09
H100150,P10050,SEC10088,3517.2462,72.92,84.67,297805.24,2026-08-10
H100151,P10051,SEC10099,1264.5043,224.83,275.46,348320.35,2026-08-01
H100152,P10052,SEC10110,970.9956,390.88,479.1,465203.99,2026-08-02
H100153,P10053,SEC10001,2683.9612,27.74,27.5,73808.93,2026-08-03
H100154,P10054,SEC10013,933.8977,192.4,227.72,212667.18,2026-08-04
H100155,P10055,SEC10024,2426.151,422.37,423.48,1027426.43,2026-08-05
H100156,P10056,SEC10035,4883.269,118.43,126.34,616952.21,2026-08-06
H100157,P10057,SEC10046,1422.1635,263.39,325.11,462359.58,2026-08-07
H100158,P10058,SEC10057,978.6467,21.96,25.89,25337.16,2026-08-08
H100159,P10059,SEC10068,905.4133,181.62,231.59,209684.67,2026-08-09
H100160,P10060,SEC10079,2675.3341,354.59,411.22,1100150.89,2026-08-10
H100161,P10061,SEC10090,4871.7317,115.75,122.36,596105.09,2026-08-01
H100162,P10062,SEC10101,3490.1128,264.55,323.46,1128911.89,2026-08-02
H100163,P10063,SEC10112,4343.6214,21.73,23.43,101771.05,2026-08-03
H100164,P10064,SEC10003,4364.8715,57.44,60.32,263289.05,2026-08-04
H100165,P10065,SEC10014,2352.2908,223.09,244.58,575323.28,2026-08-05
H100166,P10066,SEC10025,929.9747,341.86,429.79,399693.83,2026-08-06
H100167,P10067,SEC10036,4705.9073,130.99,141.87,667627.07,2026-08-07
H100168,P10068,SEC10047,4112.3571,301.43,334.84,1376981.65,2026-08-08
H100169,P10069,SEC10058,379.67,44.08,45.5,17274.99,2026-08-09
H100170,P10070,SEC10069,277.5093,200.93,243.62,67606.82,2026-08-10
H100171,P10071,SEC10081,2818.5696,394.7,453.08,1277037.51,2026-08-01
H100172,P10072,SEC10092,4969.6514,134.57,165.01,820042.18,2026-08-02
H100173,P10073,SEC10103,3824.5728,343.48,357.09,1365716.7,2026-08-03
H100174,P10074,SEC10114,3955.7967,47.85,56.45,223304.72,2026-08-04
H100175,P10075,SEC10005,2617.637,81.68,89.25,233624.1,2026-08-05
H100176,P10076,SEC10016,2219.1778,299.46,288.48,640188.41,2026-08-06
H100177,P10077,SEC10027,4950.256,411.11,471.67,2334887.25,2026-08-07
H100178,P10078,SEC10038,3108.9263,172.0,178.63,555347.5,2026-08-08
H100179,P10079,SEC10049,3703.0456,400.71,376.51,1394233.7,2026-08-09
H100180,P10080,SEC10060,1046.8617,77.38,91.76,96060.03,2026-08-10
H100181,P10081,SEC10071,3305.5364,232.4,280.97,928756.56,2026-08-01
H100182,P10082,SEC10082,877.3296,370.95,462.23,405528.06,2026-08-02
H100183,P10083,SEC10093,23.3519,164.94,180.23,4208.71,2026-08-03
H100184,P10084,SEC10104,2973.1179,321.3,370.43,1101332.06,2026-08-04
H100185,P10085,SEC10115,1165.0664,83.99,84.66,98634.52,2026-08-05
H100186,P10086,SEC10006,3517.9079,93.7,102.27,359776.44,2026-08-06
H100187,P10087,SEC10017,3440.0508,315.89,298.81,1027921.58,2026-08-07
H100188,P10088,SEC10029,3941.2619,20.2,20.88,82293.55,2026-08-08
H100189,P10089,SEC10040,3309.3034,232.52,219.34,725862.61,2026-08-09
H100190,P10090,SEC10051,2131.4434,382.59,405.56,864428.19,2026-08-10
H100191,P10091,SEC10062,3241.6973,132.24,125.64,407286.85,2026-08-01
H100192,P10092,SEC10073,4134.8895,251.05,313.25,1295254.14,2026-08-02
H100193,P10093,SEC10084,837.9547,15.64,17.93,15024.53,2026-08-03
H100194,P10094,SEC10095,3747.299,205.97,216.64,811814.86,2026-08-04
H100195,P10095,SEC10106,1450.1668,325.2,397.89,577006.87,2026-08-05
H100196,P10096,SEC10117,3446.5032,112.28,113.42,390902.39,2026-08-06
H100197,P10097,SEC10008,4713.9544,125.13,134.53,634168.29,2026-08-07
H100198,P10098,SEC10019,2474.0381,263.06,327.14,809356.82,2026-08-08
H100199,P10099,SEC10030,208.9053,46.48,51.1,10675.06,2026-08-09
H100200,P10100,SEC10041,1618.3847,199.68,233.51,377909.01,2026-08-10
H100201,P10001,SEC10052,465.7212,459.38,429.9,200213.54,2026-08-01
H100202,P10002,SEC10063,4181.4335,128.45,134.85,563866.31,2026-08-02
H100203,P10003,SEC10074,4754.4235,361.79,335.03,1592874.51,2026-08-03
H100204,P10004,SEC10085,3364.6851,33.49,38.9,130886.25,2026-08-04
H100205,P10005,SEC10097,210.756,248.06,246.36,51921.85,2026-08-05
H100206,P10006,SEC10108,2357.7991,434.05,444.97,1049149.87,2026-08-06
H100207,P10007,SEC10119,4581.2032,120.27,144.13,660288.82,2026-08-07
H100208,P10008,SEC10010,2930.7948,178.65,184.09,539530.01,2026-08-08
H100209,P10009,SEC10021,2463.7118,302.68,374.9,923645.55,2026-08-09
H100210,P10010,SEC10032,1746.3257,64.63,73.44,128250.16,2026-08-10
H100211,P10011,SEC10043,3353.9662,279.97,269.9,905235.48,2026-08-01
H100212,P10012,SEC10054,1655.7203,454.47,459.94,761531.99,2026-08-02
H100213,P10013,SEC10065,1448.2068,188.27,177.02,256361.57,2026-08-03
H100214,P10014,SEC10076,4069.6945,337.0,356.6,1451253.06,2026-08-04
H100215,P10015,SEC10087,2279.5813,69.39,79.36,180907.57,2026-08-05
H100216,P10016,SEC10098,1623.1362,275.3,257.04,417210.93,2026-08-06
H100217,P10017,SEC10109,2026.8335,430.47,460.7,933762.19,2026-08-07
H100218,P10018,SEC10120,4940.7149,169.96,173.91,859239.73,2026-08-08
H100219,P10019,SEC10011,2717.542,171.7,189.94,516169.93,2026-08-09
H100220,P10020,SEC10022,946.0369,343.01,386.04,365208.08,2026-08-10
H100221,P10021,SEC10033,3784.6513,94.21,97.36,368473.65,2026-08-01
H100222,P10022,SEC10045,3802.3528,251.94,299.55,1138994.78,2026-08-02
H100223,P10023,SEC10056,2750.606,532.63,503.29,1384352.49,2026-08-03
H100224,P10024,SEC10067,2196.1993,206.02,208.21,457270.66,2026-08-04
H100225,P10025,SEC10078,615.9162,427.0,398.34,245344.06,2026-08-05
H100226,P10026,SEC10089,3048.2696,91.43,107.34,327201.26,2026-08-06
H100227,P10027,SEC10100,800.307,289.02,305.76,244701.87,2026-08-07
H100228,P10028,SEC10111,2765.7345,401.62,497.08,1374791.31,2026-08-08
H100229,P10029,SEC10002,4961.3631,46.57,44.19,219242.64,2026-08-09
H100230,P10030,SEC10013,2312.625,185.65,227.72,526630.96,2026-08-10
H100231,P10031,SEC10024,4162.3944,393.63,423.48,1762690.78,2026-08-01
H100232,P10032,SEC10035,3585.8506,117.83,126.34,453036.36,2026-08-02
H100233,P10033,SEC10046,1374.3902,335.0,325.11,446828.0,2026-08-03
H100234,P10034,SEC10057,4901.4207,22.09,25.89,126897.78,2026-08-04
H100235,P10035,SEC10068,2760.8127,207.29,231.59,639376.61,2026-08-05
H100236,P10036,SEC10079,4610.1221,383.45,411.22,1895774.41,2026-08-06
H100237,P10037,SEC10090,4397.838,127.16,122.36,538119.46,2026-08-07
H100238,P10038,SEC10101,1388.4745,328.96,323.46,449115.96,2026-08-08
H100239,P10039,SEC10113,2080.5627,43.93,41.43,86197.71,2026-08-09
H100240,P10040,SEC10004,2543.611,68.52,66.77,169836.91,2026-08-10
H100241,P10041,SEC10015,1421.3665,235.22,270.5,384479.64,2026-08-01
H100242,P10042,SEC10026,2938.8192,491.9,455.6,1338926.03,2026-08-02
H100243,P10043,SEC10037,2453.3053,141.46,171.56,420889.06,2026-08-03
H100244,P10044,SEC10048,2697.5171,313.41,354.72,956863.27,2026-08-04
H100245,P10045,SEC10059,2764.0679,60.07,63.7,176071.13,2026-08-05
H100246,P10046,SEC10070,2282.1696,219.71,250.66,572048.63,2026-08-06
H100247,P10047,SEC10081,951.3753,448.21,453.08,431049.12,2026-08-07
H100248,P10048,SEC10092,2863.2702,140.27,165.01,472468.22,2026-08-08
H100249,P10049,SEC10103,3879.9669,283.21,357.09,1385497.38,2026-08-09
H100250,P10050,SEC10114,3726.0787,55.97,56.45,210337.14,2026-08-10
H100251,P10051,SEC10005,4058.9304,79.95,89.25,362259.54,2026-08-01
H100252,P10052,SEC10016,3321.8073,296.05,288.48,958274.97,2026-08-02
H100253,P10053,SEC10027,4904.2825,437.99,471.67,2313202.93,2026-08-03
H100254,P10054,SEC10038,194.7279,166.25,178.63,34784.24,2026-08-04
H100255,P10055,SEC10049,2955.0003,391.91,376.51,1112587.16,2026-08-05
H100256,P10056,SEC10061,4372.21,98.77,108.29,473466.62,2026-08-06
H100257,P10057,SEC10072,2634.4959,266.01,290.06,764161.88,2026-08-07
H100258,P10058,SEC10083,3614.9947,439.3,486.49,1758658.77,2026-08-08
H100259,P10059,SEC10094,3277.3588,158.32,191.6,627941.95,2026-08-09
H100260,P10060,SEC10105,2352.7581,407.8,380.85,896047.92,2026-08-10
H100261,P10061,SEC10116,1699.4206,102.44,103.7,176229.92,2026-08-01
H100262,P10062,SEC10007,3252.6849,127.0,122.64,398909.28,2026-08-02
H100263,P10063,SEC10018,4263.1833,330.83,318.78,1359017.57,2026-08-03
H100264,P10064,SEC10029,1906.2469,18.27,20.88,39802.44,2026-08-04
H100265,P10065,SEC10040,3596.4,221.06,219.34,788834.38,2026-08-05
H100266,P10066,SEC10051,4363.1913,320.7,405.56,1769535.86,2026-08-06
H100267,P10067,SEC10062,351.4195,121.79,125.64,44152.35,2026-08-07
H100268,P10068,SEC10073,4605.4362,338.07,313.25,1442652.89,2026-08-08
H100269,P10069,SEC10084,3736.3642,16.32,17.93,66993.01,2026-08-09
H100270,P10070,SEC10095,501.2312,210.17,216.64,108586.73,2026-08-10
H100271,P10071,SEC10106,4364.1704,363.31,397.89,1736459.76,2026-08-01
H100272,P10072,SEC10117,3473.0658,119.21,113.42,393915.12,2026-08-02
H100273,P10073,SEC10009,239.4949,159.98,157.02,37605.49,2026-08-03
H100274,P10074,SEC10020,1473.9052,309.48,346.78,511120.85,2026-08-04
H100275,P10075,SEC10031,736.3933,51.08,54.38,40045.07,2026-08-05
H100276,P10076,SEC10042,2833.981,258.01,253.51,718442.52,2026-08-06
H100277,P10077,SEC10053,858.2184,350.73,436.4,374526.51,2026-08-07
H100278,P10078,SEC10064,4355.4896,143.76,148.83,648227.52,2026-08-08
H100279,P10079,SEC10075,1211.7407,357.81,339.53,411422.32,2026-08-09
H100280,P10080,SEC10086,724.1574,57.8,62.94,45578.47,2026-08-10
H100281,P10081,SEC10097,1277.3469,211.03,246.36,314687.18,2026-08-01
H100282,P10082,SEC10108,56.8932,454.49,444.97,25315.77,2026-08-02
H100283,P10083,SEC10119,4507.035,141.72,144.13,649598.95,2026-08-03
H100284,P10084,SEC10010,798.2984,167.99,184.09,146958.75,2026-08-04
H100285,P10085,SEC10021,1734.3725,358.51,374.9,650216.25,2026-08-05
H100286,P10086,SEC10032,3198.3041,66.63,73.44,234883.45,2026-08-06
H100287,P10087,SEC10043,1257.9901,278.97,269.9,339531.53,2026-08-07
H100288,P10088,SEC10054,1004.0928,411.83,459.94,461822.44,2026-08-08
H100289,P10089,SEC10065,2421.2082,150.67,177.02,428602.28,2026-08-09
H100290,P10090,SEC10077,2863.8942,356.05,373.83,1070609.57,2026-08-10
H100291,P10091,SEC10088,4963.5333,73.54,84.67,420262.36,2026-08-01
H100292,P10092,SEC10099,4889.943,269.25,275.46,1346983.7,2026-08-02
H100293,P10093,SEC10110,1379.6571,455.04,479.1,660993.72,2026-08-03
H100294,P10094,SEC10001,3432.1395,27.59,27.5,94383.84,2026-08-04
H100295,P10095,SEC10012,254.7308,207.41,215.62,54925.06,2026-08-05
H100296,P10096,SEC10023,2488.6692,423.46,402.82,1002485.73,2026-08-06
H100297,P10097,SEC10034,1438.1088,118.29,116.01,166835.0,2026-08-07
H100298,P10098,SEC10045,3039.2543,265.31,299.55,910408.63,2026-08-08
H100299,P10099,SEC10056,3186.7232,486.31,503.29,1603845.92,2026-08-09
H100300,P10100,SEC10067,3392.0446,207.44,208.21,706257.61,2026-08-10
H100301,P10001,SEC10078,3299.3159,410.89,398.34,1314249.5,2026-08-01
H100302,P10002,SEC10089,3144.958,112.82,107.34,337579.79,2026-08-02
H100303,P10003,SEC10100,3235.2396,266.83,305.76,989206.86,2026-08-03
H100304,P10004,SEC10111,2209.7077,474.15,497.08,1098401.5,2026-08-04
H100305,P10005,SEC10002,3664.4752,35.66,44.19,161933.16,2026-08-05
H100306,P10006,SEC10013,1482.6012,228.69,227.72,337617.95,2026-08-06
H100307,P10007,SEC10025,886.444,352.28,429.79,380984.77,2026-08-07
H100308,P10008,SEC10036,2701.6447,152.01,141.87,383282.33,2026-08-08
H100309,P10009,SEC10047,2658.9533,352.94,334.84,890323.92,2026-08-09
H100310,P10010,SEC10058,4154.0584,39.0,45.5,189009.66,2026-08-10
H100311,P10011,SEC10069,4125.2022,225.24,243.62,1004981.76,2026-08-01
H100312,P10012,SEC10080,4034.3776,435.63,433.91,1750556.78,2026-08-02
H100313,P10013,SEC10091,1700.1891,110.26,135.36,230137.6,2026-08-03
H100314,P10014,SEC10102,4814.8375,275.53,335.1,1613452.05,2026-08-04
H100315,P10015,SEC10113,4832.836,43.01,41.43,200224.4,2026-08-05
H100316,P10016,SEC10004,3623.8414,71.71,66.77,241963.89,2026-08-06
H100317,P10017,SEC10015,4836.676,276.28,270.5,1308320.86,2026-08-07
H100318,P10018,SEC10026,1835.2175,463.44,455.6,836125.09,2026-08-08
H100319,P10019,SEC10037,79.4541,161.43,171.56,13631.15,2026-08-09
H100320,P10020,SEC10048,2279.3823,348.28,354.72,808542.49,2026-08-10
H100321,P10021,SEC10059,3364.9806,60.86,63.7,214349.26,2026-08-01
H100322,P10022,SEC10070,4113.8623,266.22,250.66,1031180.72,2026-08-02
H100323,P10023,SEC10081,550.647,385.18,453.08,249487.14,2026-08-03
H100324,P10024,SEC10093,134.873,188.39,180.23,24308.16,2026-08-04
H100325,P10025,SEC10104,2811.4228,390.65,370.43,1041435.35,2026-08-05
H100326,P10026,SEC10115,1114.6223,67.64,84.66,94363.92,2026-08-06
H100327,P10027,SEC10006,4121.0382,107.67,102.27,421458.58,2026-08-07
H100328,P10028,SEC10017,1517.929,269.67,298.81,453572.36,2026-08-08
H100329,P10029,SEC10028,707.4873,526.23,494.63,349944.44,2026-08-09
H100330,P10030,SEC10039,1528.7793,187.01,201.57,308156.04,2026-08-10
H100331,P10031,SEC10050,494.9881,405.84,387.93,192020.73,2026-08-01
H100332,P10032,SEC10061,686.9636,99.2,108.29,74391.29,2026-08-02
H100333,P10033,SEC10072,3355.7262,290.91,290.06,973361.94,2026-08-03
H100334,P10034,SEC10083,4730.4107,440.63,486.49,2301297.5,2026-08-04
H100335,P10035,SEC10094,3713.9224,158.33,191.6,711587.53,2026-08-05
H100336,P10036,SEC10105,2080.2738,308.38,380.85,792272.28,2026-08-06
H100337,P10037,SEC10116,2451.8417,93.58,103.7,254255.98,2026-08-07
H100338,P10038,SEC10007,4758.0924,96.86,122.64,583532.45,2026-08-08
H100339,P10039,SEC10018,1858.9445,291.05,318.78,592594.33,2026-08-09
H100340,P10040,SEC10029,4753.2703,21.64,20.88,99248.28,2026-08-10
H100341,P10041,SEC10041,505.7796,230.17,233.51,118104.59,2026-08-01
H100342,P10042,SEC10052,2726.8846,461.43,429.9,1172287.69,2026-08-02
H100343,P10043,SEC10063,1799.7825,121.29,134.85,242700.67,2026-08-03
H100344,P10044,SEC10074,957.1447,273.6,335.03,320672.19,2026-08-04
H100345,P10045,SEC10085,4241.6856,35.65,38.9,165001.57,2026-08-05
H100346,P10046,SEC10096,3317.216,224.63,230.98,766210.55,2026-08-06
H100347,P10047,SEC10107,2989.7583,328.84,418.15,1250167.43,2026-08-07
H100348,P10048,SEC10118,3936.105,114.5,134.22,528304.01,2026-08-08
H100349,P10049,SEC10009,638.3602,149.07,157.02,100235.32,2026-08-09
H100350,P10050,SEC10020,352.3647,350.09,346.78,122193.03,2026-08-10
H100351,P10051,SEC10031,1043.7153,45.94,54.38,56757.24,2026-08-01
H100352,P10052,SEC10042,4349.7802,222.73,253.51,1102712.78,2026-08-02
H100353,P10053,SEC10053,746.2954,458.29,436.4,325683.31,2026-08-03
H100354,P10054,SEC10064,24.1494,154.41,148.83,3594.16,2026-08-04
H100355,P10055,SEC10075,731.993,278.07,339.53,248533.58,2026-08-05
H100356,P10056,SEC10086,1260.7644,52.39,62.94,79352.51,2026-08-06
H100357,P10057,SEC10097,3308.6776,194.07,246.36,815125.81,2026-08-07
H100358,P10058,SEC10109,84.153,468.53,460.7,38769.29,2026-08-08
H100359,P10059,SEC10120,1197.2787,152.54,173.91,208218.74,2026-08-09
H100360,P10060,SEC10011,879.4885,151.14,189.94,167050.05,2026-08-10
H100361,P10061,SEC10022,3711.1731,362.04,386.04,1432661.26,2026-08-01
H100362,P10062,SEC10033,3730.8697,89.85,97.36,363237.47,2026-08-02
H100363,P10063,SEC10044,3892.305,274.47,293.87,1143831.67,2026-08-03
H100364,P10064,SEC10055,554.1795,452.5,485.96,269309.07,2026-08-04
H100365,P10065,SEC10066,4727.6241,152.5,192.31,909169.39,2026-08-05
H100366,P10066,SEC10077,3918.3027,388.82,373.83,1464779.1,2026-08-06
H100367,P10067,SEC10088,2612.0416,77.68,84.67,221161.56,2026-08-07
H100368,P10068,SEC10099,4820.4907,219.89,275.46,1327852.37,2026-08-08
H100369,P10069,SEC10110,2400.1197,431.42,479.1,1149897.35,2026-08-09
H100370,P10070,SEC10001,3433.6265,25.49,27.5,94424.73,2026-08-10
H100371,P10071,SEC10012,4549.4071,172.94,215.62,980943.16,2026-08-01
H100372,P10072,SEC10023,413.1445,387.71,402.82,166422.87,2026-08-02
H100373,P10073,SEC10034,337.7543,100.06,116.01,39182.88,2026-08-03
H100374,P10074,SEC10045,3169.0529,282.93,299.55,949289.8,2026-08-04
H100375,P10075,SEC10057,1632.6754,27.92,25.89,42269.97,2026-08-05
H100376,P10076,SEC10068,2657.4786,212.16,231.59,615445.47,2026-08-06
H100377,P10077,SEC10079,3031.0797,332.99,411.22,1246440.59,2026-08-07
H100378,P10078,SEC10090,3511.8793,126.75,122.36,429713.55,2026-08-08
H100379,P10079,SEC10101,3258.0742,326.92,323.46,1053856.68,2026-08-09
H100380,P10080,SEC10112,3606.9912,19.79,23.43,84511.8,2026-08-10
H100381,P10081,SEC10003,2263.259,51.18,60.32,136519.78,2026-08-01
H100382,P10082,SEC10014,1701.2688,224.05,244.58,416096.32,2026-08-02
H100383,P10083,SEC10025,2085.7884,347.5,429.79,896451.0,2026-08-03
H100384,P10084,SEC10036,2139.5524,138.97,141.87,303538.3,2026-08-04
H100385,P10085,SEC10047,1877.7621,276.51,334.84,628749.86,2026-08-05
H100386,P10086,SEC10058,4615.6953,36.41,45.5,210014.14,2026-08-06
H100387,P10087,SEC10069,4160.5417,196.84,243.62,1013591.17,2026-08-07
H100388,P10088,SEC10080,491.8565,434.62,433.91,213421.45,2026-08-08
H100389,P10089,SEC10091,4060.7287,128.17,135.36,549660.24,2026-08-09
H100390,P10090,SEC10102,2936.4608,317.83,335.1,984008.01,2026-08-10
H100391,P10091,SEC10113,1654.9334,33.83,41.43,68563.89,2026-08-01
H100392,P10092,SEC10005,1774.4544,87.43,89.25,158370.06,2026-08-02
H100393,P10093,SEC10016,3753.9184,300.14,288.48,1082930.38,2026-08-03
H100394,P10094,SEC10027,3608.0928,504.93,471.67,1701829.13,2026-08-04
H100395,P10095,SEC10038,3006.0464,158.18,178.63,536970.07,2026-08-05
H100396,P10096,SEC10049,2893.8134,317.71,376.51,1089549.68,2026-08-06
H100397,P10097,SEC10060,3287.1142,77.75,91.76,301625.6,2026-08-07
H100398,P10098,SEC10071,550.0097,290.41,280.97,154536.23,2026-08-08
H100399,P10099,SEC10082,1844.1296,466.29,462.23,852412.03,2026-08-09
H100400,P10100,SEC10093,2874.759,184.23,180.23,518117.81,2026-08-10
H100401,P10001,SEC10104,4227.3243,397.24,370.43,1565927.74,2026-08-01
H100402,P10002,SEC10115,4093.95,81.62,84.66,346593.81,2026-08-02
H100403,P10003,SEC10006,3217.0688,80.58,102.27,329009.63,2026-08-03
H100404,P10004,SEC10017,4646.1306,307.43,298.81,1388310.28,2026-08-04
H100405,P10005,SEC10028,1344.5641,412.58,494.63,665061.74,2026-08-05
H100406,P10006,SEC10039,3516.4669,175.91,201.57,708814.23,2026-08-06
H100407,P10007,SEC10050,1705.725,303.3,387.93,661701.9,2026-08-07
H100408,P10008,SEC10061,4350.6149,102.86,108.29,471128.09,2026-08-08
H100409,P10009,SEC10073,2009.9139,257.67,313.25,629605.53,2026-08-09
H100410,P10010,SEC10084,3169.5283,14.15,17.93,56829.64,2026-08-10
H100411,P10011,SEC10095,3733.0977,182.96,216.64,808738.29,2026-08-01
H100412,P10012,SEC10106,2104.9641,351.05,397.89,837544.17,2026-08-02
H100413,P10013,SEC10117,1856.5649,113.02,113.42,210571.59,2026-08-03
H100414,P10014,SEC10008,3886.4097,127.84,134.53,522838.7,2026-08-04
H100415,P10015,SEC10019,433.9356,260.33,327.14,141957.69,2026-08-05
H100416,P10016,SEC10030,795.4754,49.33,51.1,40648.79,2026-08-06
H100417,P10017,SEC10041,3373.1039,201.2,233.51,787653.49,2026-08-07
H100418,P10018,SEC10052,3313.0741,397.96,429.9,1424290.56,2026-08-08
H100419,P10019,SEC10063,2215.8005,116.23,134.85,298800.7,2026-08-09
H100420,P10020,SEC10074,3777.1663,272.76,335.03,1265464.03,2026-08-10
H100421,P10021,SEC10085,2155.269,33.65,38.9,83839.96,2026-08-01
H100422,P10022,SEC10096,3395.6464,213.89,230.98,784326.41,2026-08-02
H100423,P10023,SEC10107,3338.9915,331.85,418.15,1396199.3,2026-08-03
H100424,P10024,SEC10118,1982.3643,128.82,134.22,266072.94,2026-08-04
H100425,P10025,SEC10009,48.3586,136.67,157.02,7593.27,2026-08-05
H100426,P10026,SEC10021,1064.0576,307.86,374.9,398915.19,2026-08-06
H100427,P10027,SEC10032,1285.0423,64.51,73.44,94373.51,2026-08-07
H100428,P10028,SEC10043,48.5722,271.01,269.9,13109.64,2026-08-08
H100429,P10029,SEC10054,886.7171,411.21,459.94,407836.66,2026-08-09
H100430,P10030,SEC10065,3521.3196,164.64,177.02,623344.0,2026-08-10
H100431,P10031,SEC10076,4168.4375,364.4,356.6,1486464.81,2026-08-01
H100432,P10032,SEC10087,369.6567,82.42,79.36,29335.96,2026-08-02
H100433,P10033,SEC10098,221.0883,201.94,257.04,56828.54,2026-08-03
H100434,P10034,SEC10109,4606.6005,478.5,460.7,2122260.85,2026-08-04
H100435,P10035,SEC10120,2883.0382,165.57,173.91,501389.17,2026-08-05
H100436,P10036,SEC10011,3550.3998,171.95,189.94,674362.94,2026-08-06
H100437,P10037,SEC10022,584.7151,303.53,386.04,225723.42,2026-08-07
H100438,P10038,SEC10033,1630.5932,99.35,97.36,158754.55,2026-08-08
H100439,P10039,SEC10044,3094.4451,302.57,293.87,909364.58,2026-08-09
H100440,P10040,SEC10055,4599.6511,391.9,485.96,2235246.45,2026-08-10
H100441,P10041,SEC10066,4223.977,164.04,192.31,812313.02,2026-08-01
H100442,P10042,SEC10077,2948.4677,350.35,373.83,1102225.68,2026-08-02
H100443,P10043,SEC10089,1984.8758,93.72,107.34,213056.57,2026-08-03
H100444,P10044,SEC10100,1704.1713,269.04,305.76,521067.42,2026-08-04
H100445,P10045,SEC10111,848.9822,463.85,497.08,422012.07,2026-08-05
H100446,P10046,SEC10002,578.9929,41.23,44.19,25585.7,2026-08-06
H100447,P10047,SEC10013,4530.5544,201.49,227.72,1031697.85,2026-08-07
H100448,P10048,SEC10024,3639.6217,434.36,423.48,1541307.0,2026-08-08
H100449,P10049,SEC10035,4077.0347,107.5,126.34,515092.56,2026-08-09
H100450,P10050,SEC10046,740.7566,272.83,325.11,240827.38,2026-08-10
H100451,P10051,SEC10057,3015.9709,26.1,25.89,78083.49,2026-08-01
H100452,P10052,SEC10068,3280.99,192.95,231.59,759844.47,2026-08-02
H100453,P10053,SEC10079,3866.512,381.71,411.22,1589987.06,2026-08-03
H100454,P10054,SEC10090,3774.6847,123.33,122.36,461870.42,2026-08-04
H100455,P10055,SEC10101,2250.0372,341.98,323.46,727797.03,2026-08-05
H100456,P10056,SEC10112,2826.814,22.74,23.43,66232.25,2026-08-06
H100457,P10057,SEC10003,3126.3637,62.69,60.32,188582.26,2026-08-07
H100458,P10058,SEC10014,3139.8149,201.85,244.58,767935.93,2026-08-08
H100459,P10059,SEC10025,350.7484,392.25,429.79,150748.15,2026-08-09
H100460,P10060,SEC10037,1521.074,147.95,171.56,260955.46,2026-08-10
H100461,P10061,SEC10048,290.2989,330.67,354.72,102974.83,2026-08-01
H100462,P10062,SEC10059,1558.9352,58.32,63.7,99304.17,2026-08-02
H100463,P10063,SEC10070,293.8814,258.06,250.66,73664.31,2026-08-03
H100464,P10064,SEC10081,392.8877,470.87,453.08,178009.56,2026-08-04
H100465,P10065,SEC10092,4277.9139,159.15,165.01,705898.57,2026-08-05
H100466,P10066,SEC10103,2540.2684,328.1,357.09,907104.44,2026-08-06
H100467,P10067,SEC10114,2776.0387,57.44,56.45,156707.38,2026-08-07
H100468,P10068,SEC10005,4480.4251,81.66,89.25,399877.94,2026-08-08
H100469,P10069,SEC10016,4050.9814,281.43,288.48,1168627.11,2026-08-09
H100470,P10070,SEC10027,1614.4185,435.2,471.67,761472.77,2026-08-10
H100471,P10071,SEC10038,762.7968,142.65,178.63,136258.39,2026-08-01
H100472,P10072,SEC10049,526.4744,395.24,376.51,198222.88,2026-08-02
H100473,P10073,SEC10060,1723.7545,91.24,91.76,158171.71,2026-08-03
H100474,P10074,SEC10071,2527.6995,233.7,280.97,710207.73,2026-08-04
H100475,P10075,SEC10082,1246.2412,421.24,462.23,576050.07,2026-08-05
H100476,P10076,SEC10093,2202.7147,168.84,180.23,396995.27,2026-08-06
H100477,P10077,SEC10105,802.1436,339.66,380.85,305496.39,2026-08-07
H100478,P10078,SEC10116,1421.639,93.6,103.7,147423.96,2026-08-08
H100479,P10079,SEC10007,1698.4521,117.66,122.64,208298.17,2026-08-09
H100480,P10080,SEC10018,3948.2424,310.55,318.78,1258620.71,2026-08-10
H100481,P10081,SEC10029,338.9002,16.88,20.88,7076.24,2026-08-01
H100482,P10082,SEC10040,3395.1129,189.78,219.34,744684.06,2026-08-02
H100483,P10083,SEC10051,3621.4309,396.22,405.56,1468707.52,2026-08-03
H100484,P10084,SEC10062,4532.6501,130.91,125.64,569482.16,2026-08-04
H100485,P10085,SEC10073,1673.4766,299.1,313.25,524216.54,2026-08-05
H100486,P10086,SEC10084,715.7276,15.87,17.93,12833.0,2026-08-06
H100487,P10087,SEC10095,4838.8056,214.37,216.64,1048278.85,2026-08-07
H100488,P10088,SEC10106,1965.8703,381.38,397.89,782200.13,2026-08-08
H100489,P10089,SEC10117,4690.631,99.0,113.42,532011.37,2026-08-09
H100490,P10090,SEC10008,1889.6297,136.88,134.53,254211.88,2026-08-10
H100491,P10091,SEC10019,4067.7921,320.94,327.14,1330737.51,2026-08-01
H100492,P10092,SEC10030,4146.5053,51.18,51.1,211886.42,2026-08-02
H100493,P10093,SEC10041,3430.2181,219.01,233.51,800990.23,2026-08-03
H100494,P10094,SEC10053,3233.6639,395.82,436.4,1411170.93,2026-08-04
H100495,P10095,SEC10064,1815.5222,132.28,148.83,270204.17,2026-08-05
H100496,P10096,SEC10075,909.512,286.65,339.53,308806.61,2026-08-06
H100497,P10097,SEC10086,4738.8647,58.27,62.94,298264.14,2026-08-07
H100498,P10098,SEC10097,1140.4498,202.33,246.36,280961.21,2026-08-08
H100499,P10099,SEC10108,395.0538,459.8,444.97,175787.09,2026-08-09
H100500,P10100,SEC10119,514.6924,145.75,144.13,74182.62,2026-08-10
H100501,P10001,SEC10010,4177.2479,192.39,184.09,768989.57,2026-08-01
H100502,P10002,SEC10021,198.36,330.3,374.9,74365.16,2026-08-02
H100503,P10003,SEC10032,3833.8749,60.17,73.44,281559.77,2026-08-03
H100504,P10004,SEC10043,1889.8322,223.66,269.9,510065.71,2026-08-04
H100505,P10005,SEC10054,4158.4118,465.15,459.94,1912619.92,2026-08-05
H100506,P10006,SEC10065,4047.1282,146.87,177.02,716422.63,2026-08-06
H100507,P10007,SEC10076,2193.9903,322.1,356.6,782376.94,2026-08-07
H100508,P10008,SEC10087,3385.051,67.56,79.36,268637.65,2026-08-08
H100509,P10009,SEC10098,2226.5516,222.46,257.04,572312.82,2026-08-09
H100510,P10010,SEC10109,3745.1972,421.39,460.7,1725412.35,2026-08-10
H100511,P10011,SEC10001,2674.7156,24.0,27.5,73554.68,2026-08-01
H100512,P10012,SEC10012,4045.0331,198.52,215.62,872190.04,2026-08-02
H100513,P10013,SEC10023,4177.2158,358.65,402.82,1682666.07,2026-08-03
H100514,P10014,SEC10034,4736.1795,124.75,116.01,549444.18,2026-08-04
H100515,P10015,SEC10045,2313.7831,258.97,299.55,693093.73,2026-08-05
H100516,P10016,SEC10056,1915.5434,472.21,503.29,964073.84,2026-08-06
H100517,P10017,SEC10067,4831.6781,213.43,208.21,1006003.7,2026-08-07
H100518,P10018,SEC10078,4008.2835,327.24,398.34,1596659.65,2026-08-08
H100519,P10019,SEC10089,1257.516,104.37,107.34,134981.77,2026-08-09
H100520,P10020,SEC10100,4371.8436,289.36,305.76,1336734.9,2026-08-10
H100521,P10021,SEC10111,521.9228,513.87,497.08,259437.39,2026-08-01
H100522,P10022,SEC10002,4257.3186,38.25,44.19,188130.91,2026-08-02
H100523,P10023,SEC10013,3817.953,196.26,227.72,869424.26,2026-08-03
H100524,P10024,SEC10024,4527.478,349.03,423.48,1917296.38,2026-08-04
H100525,P10025,SEC10035,2192.9881,134.42,126.34,277062.12,2026-08-05
H100526,P10026,SEC10046,1117.9697,297.59,325.11,363463.13,2026-08-06
H100527,P10027,SEC10057,1754.4295,20.4,25.89,45422.18,2026-08-07
H100528,P10028,SEC10069,275.7519,226.71,243.62,67178.68,2026-08-08
H100529,P10029,SEC10080,1186.5326,467.91,433.91,514848.36,2026-08-09
H100530,P10030,SEC10091,1880.8142,106.73,135.36,254587.01,2026-08-10
H100531,P10031,SEC10102,4654.8213,345.74,335.1,1559830.62,2026-08-01
H100532,P10032,SEC10113,3253.3038,42.15,41.43,134784.38,2026-08-02
H100533,P10033,SEC10004,696.6219,57.83,66.77,46513.44,2026-08-03
H100534,P10034,SEC10015,4150.5103,267.48,270.5,1122713.04,2026-08-04
H100535,P10035,SEC10026,702.5755,451.8,455.6,320093.4,2026-08-05
H100536,P10036,SEC10037,2248.5214,134.09,171.56,385756.33,2026-08-06
H100537,P10037,SEC10048,405.3366,303.92,354.72,143781.0,2026-08-07
H100538,P10038,SEC10059,4176.4659,60.17,63.7,266040.88,2026-08-08
H100539,P10039,SEC10070,3638.9016,235.2,250.66,912127.08,2026-08-09
H100540,P10040,SEC10081,564.8224,392.56,453.08,255909.73,2026-08-10
H100541,P10041,SEC10092,1512.7445,131.07,165.01,249617.97,2026-08-01
H100542,P10042,SEC10103,2104.9295,363.58,357.09,751649.28,2026-08-02
H100543,P10043,SEC10114,2290.9969,45.91,56.45,129326.78,2026-08-03
H100544,P10044,SEC10005,4526.683,85.59,89.25,404006.46,2026-08-04
H100545,P10045,SEC10017,92.0124,279.27,298.81,27494.23,2026-08-05
H100546,P10046,SEC10028,1217.2713,407.12,494.63,602098.9,2026-08-06
H100547,P10047,SEC10039,2151.9021,194.4,201.57,433758.91,2026-08-07
H100548,P10048,SEC10050,1210.4156,351.07,387.93,469556.52,2026-08-08
H100549,P10049,SEC10061,3325.2128,87.25,108.29,360087.29,2026-08-09
H100550,P10050,SEC10072,4873.5259,232.14,290.06,1413614.92,2026-08-10
H100551,P10051,SEC10083,2635.0366,453.51,486.49,1281918.96,2026-08-01
H100552,P10052,SEC10094,4941.7741,181.3,191.6,946843.92,2026-08-02
H100553,P10053,SEC10105,1958.3641,350.78,380.85,745842.97,2026-08-03
H100554,P10054,SEC10116,3181.9972,111.41,103.7,329973.11,2026-08-04
H100555,P10055,SEC10007,1275.7148,96.26,122.64,156453.66,2026-08-05
H100556,P10056,SEC10018,3944.7149,281.62,318.78,1257496.22,2026-08-06
H100557,P10057,SEC10029,3667.3757,20.22,20.88,76574.8,2026-08-07
H100558,P10058,SEC10040,3859.7919,219.46,219.34,846606.76,2026-08-08
H100559,P10059,SEC10051,1669.2679,321.73,405.56,676988.29,2026-08-09
H100560,P10060,SEC10062,2734.6086,128.66,125.64,343576.22,2026-08-10
H100561,P10061,SEC10073,883.6947,317.55,313.25,276817.36,2026-08-01
H100562,P10062,SEC10085,2328.4683,38.46,38.9,90577.42,2026-08-02
H100563,P10063,SEC10096,3162.3619,236.4,230.98,730442.35,2026-08-03
H100564,P10064,SEC10107,324.8717,423.53,418.15,135845.1,2026-08-04
H100565,P10065,SEC10118,2293.8211,116.51,134.22,307876.67,2026-08-05
H100566,P10066,SEC10009,228.5933,131.87,157.02,35893.72,2026-08-06
H100567,P10067,SEC10020,219.1107,367.59,346.78,75983.21,2026-08-07
H100568,P10068,SEC10031,2581.7641,58.55,54.38,140396.33,2026-08-08
H100569,P10069,SEC10042,2719.7232,217.0,253.51,689477.03,2026-08-09
H100570,P10070,SEC10053,3768.9217,365.41,436.4,1644757.43,2026-08-10
H100571,P10071,SEC10064,1791.3011,150.95,148.83,266599.34,2026-08-01
H100572,P10072,SEC10075,4330.3334,298.64,339.53,1470278.1,2026-08-02
H100573,P10073,SEC10086,631.1303,56.04,62.94,39723.34,2026-08-03
H100574,P10074,SEC10097,4448.5377,247.1,246.36,1095941.75,2026-08-04
H100575,P10075,SEC10108,4474.2411,398.69,444.97,1990903.06,2026-08-05
H100576,P10076,SEC10119,4868.8807,133.88,144.13,701751.78,2026-08-06
H100577,P10077,SEC10010,2492.6417,194.64,184.09,458870.41,2026-08-07
H100578,P10078,SEC10021,2601.1865,382.53,374.9,975184.82,2026-08-08
H100579,P10079,SEC10033,3638.1358,78.25,97.36,354208.9,2026-08-09
H100580,P10080,SEC10044,3016.242,301.72,293.87,886383.04,2026-08-10
H100581,P10081,SEC10055,2731.9172,425.88,485.96,1327602.48,2026-08-01
H100582,P10082,SEC10066,409.5439,188.13,192.31,78759.39,2026-08-02
H100583,P10083,SEC10077,1539.4143,359.17,373.83,575479.25,2026-08-03
H100584,P10084,SEC10088,2136.3192,83.56,84.67,180882.15,2026-08-04
H100585,P10085,SEC10099,1764.2194,218.36,275.46,485971.88,2026-08-05
H100586,P10086,SEC10110,4351.4855,424.37,479.1,2084796.7,2026-08-06
H100587,P10087,SEC10001,4990.7715,23.72,27.5,137246.22,2026-08-07
H100588,P10088,SEC10012,4900.3361,229.5,215.62,1056610.47,2026-08-08
H100589,P10089,SEC10023,384.4554,391.24,402.82,154866.32,2026-08-09
H100590,P10090,SEC10034,1822.9225,118.37,116.01,211477.24,2026-08-10
H100591,P10091,SEC10045,3400.2589,319.27,299.55,1018547.55,2026-08-01
H100592,P10092,SEC10056,722.4695,484.3,503.29,363611.67,2026-08-02
H100593,P10093,SEC10067,3908.7467,164.58,208.21,813840.15,2026-08-03
H100594,P10094,SEC10078,345.4945,403.74,398.34,137624.28,2026-08-04
H100595,P10095,SEC10089,1837.9791,96.05,107.34,197288.68,2026-08-05
H100596,P10096,SEC10101,2840.5508,311.02,323.46,918804.56,2026-08-06
H100597,P10097,SEC10112,3398.5197,24.94,23.43,79627.32,2026-08-07
H100598,P10098,SEC10003,1866.3468,60.86,60.32,112578.04,2026-08-08
H100599,P10099,SEC10014,2873.8697,229.62,244.58,702891.05,2026-08-09
H100600,P10100,SEC10025,1996.1899,418.99,429.79,857942.46,2026-08-10
