portfolio_id,client_id,portfolio_name,portfolio_type,base_currency,risk_profile,initial_value,current_value,inception_date,status
P10001,C10001,Equity Growth Portfolio,EQUITY_GROWTH,USD,HIGH,1634624.32,1578233.65,2025-01-20,ACTIVE
P10002,C10008,Income Portfolio,INCOME,GBP,LOW,760070.36,766991.84,2025-01-25,ACTIVE
P10003,C10015,Balanced Portfolio,BALANCED,EUR,MEDIUM,1867530.91,2070856.26,2025-01-30,ACTIVE
P10004,C10022,Index Portfolio,INDEX,INR,MEDIUM,2241230.96,2194448.72,2025-02-04,ACTIVE
P10005,C10029,Fixed Income Portfolio,FIXED_INCOME,CAD,LOW,1112612.37,1075401.48,2025-02-09,ACTIVE
P10006,C10036,Equity Growth Portfolio,EQUITY_GROWTH,SGD,HIGH,624731.14,669198.36,2025-02-14,ACTIVE
P10007,C10043,Income Portfolio,INCOME,USD,LOW,163686.33,164299.22,2025-02-19,ACTIVE
P10008,C10050,Balanced Portfolio,BALANCED,GBP,MEDIUM,1659722.65,1792313.12,2025-02-24,ACTIVE
P10009,C10007,Index Portfolio,INDEX,EUR,MEDIUM,629057.49,685445.23,2025-03-01,ACTIVE
P10010,C10014,Fixed Income Portfolio,FIXED_INCOME,INR,LOW,2042633.1,1963848.18,2025-03-06,ACTIVE
P10011,C10021,Equity Growth Portfolio,EQUITY_GROWTH,CAD,HIGH,2033966.2,2265005.78,2025-03-11,ACTIVE
P10012,C10028,Income Portfolio,INCOME,SGD,LOW,916601.24,911289.98,2025-03-16,ACTIVE
P10013,C10035,Balanced Portfolio,BALANCED,USD,MEDIUM,2397311.37,2478941.74,2025-03-21,ACTIVE
P10014,C10042,Index Portfolio,INDEX,GBP,MEDIUM,322590.02,316550.36,2025-03-26,ACTIVE
P10015,C10049,Fixed Income Portfolio,FIXED_INCOME,EUR,LOW,2133986.48,2332062.52,2025-03-31,ACTIVE
P10016,C10006,Equity Growth Portfolio,EQUITY_GROWTH,INR,HIGH,2037107.86,2282662.86,2025-04-05,ACTIVE
P10017,C10013,Income Portfolio,INCOME,CAD,LOW,1386947.42,1628394.81,2025-04-10,ACTIVE
P10018,C10020,Balanced Portfolio,BALANCED,SGD,MEDIUM,1008482.51,1090622.34,2025-04-15,ACTIVE
P10019,C10027,Index Portfolio,INDEX,USD,MEDIUM,2090571.19,2291421.45,2025-04-20,ACTIVE
P10020,C10034,Fixed Income Portfolio,FIXED_INCOME,GBP,LOW,2168096.56,2356758.84,2025-04-25,ACTIVE
P10021,C10041,Equity Growth Portfolio,EQUITY_GROWTH,EUR,HIGH,1790972.41,1737388.96,2025-04-30,ACTIVE
P10022,C10048,Income Portfolio,INCOME,INR,LOW,646955.86,662266.3,2025-05-05,ACTIVE
P10023,C10005,Balanced Portfolio,BALANCED,CAD,MEDIUM,291500.74,294769.63,2025-05-10,ACTIVE
P10024,C10012,Index Portfolio,INDEX,SGD,MEDIUM,342403.43,349646.7,2025-05-15,ACTIVE
P10025,C10019,Fixed Income Portfolio,FIXED_INCOME,USD,LOW,1625642.67,1691096.05,2025-05-20,ACTIVE
P10026,C10026,Equity Growth Portfolio,EQUITY_GROWTH,GBP,HIGH,988434.32,994455.41,2025-05-25,ACTIVE
P10027,C10033,Income Portfolio,INCOME,EUR,LOW,740746.77,863758.15,2025-05-30,ACTIVE
P10028,C10040,Balanced Portfolio,BALANCED,INR,MEDIUM,1655284.92,1810896.3,2025-06-04,ACTIVE
P10029,C10047,Index Portfolio,INDEX,CAD,MEDIUM,510732.76,572229.02,2025-06-09,ACTIVE
P10030,C10004,Fixed Income Portfolio,FIXED_INCOME,SGD,LOW,492165.99,513565.46,2025-06-14,ACTIVE
P10031,C10011,Equity Growth Portfolio,EQUITY_GROWTH,USD,HIGH,2474856.04,2724321.4,2025-06-19,ACTIVE
P10032,C10018,Income Portfolio,INCOME,GBP,LOW,1436679.39,1595597.87,2025-06-24,ACTIVE
P10033,C10025,Balanced Portfolio,BALANCED,EUR,MEDIUM,2122844.61,2400342.82,2025-06-29,ACTIVE
P10034,C10032,Index Portfolio,INDEX,INR,MEDIUM,649715.37,628315.08,2025-07-04,ACTIVE
P10035,C10039,Fixed Income Portfolio,FIXED_INCOME,CAD,LOW,857087.32,873288.84,2025-07-09,ACTIVE
P10036,C10046,Equity Growth Portfolio,EQUITY_GROWTH,SGD,HIGH,606358.82,707887.62,2025-07-14,ACTIVE
P10037,C10003,Income Portfolio,INCOME,USD,LOW,2203282.3,2267682.33,2025-07-19,ACTIVE
P10038,C10010,Balanced Portfolio,BALANCED,GBP,MEDIUM,1673052.8,1751751.56,2025-07-24,ACTIVE
P10039,C10017,Index Portfolio,INDEX,EUR,MEDIUM,2294914.22,2434783.29,2025-07-29,ACTIVE
P10040,C10024,Fixed Income Portfolio,FIXED_INCOME,INR,LOW,735712.4,746202.23,2025-08-03,ACTIVE
P10041,C10031,Equity Growth Portfolio,EQUITY_GROWTH,CAD,HIGH,1447283.52,1473049.73,2025-08-08,ACTIVE
P10042,C10038,Income Portfolio,INCOME,SGD,LOW,1503006.38,1739761.5,2025-08-13,ACTIVE
P10043,C10045,Balanced Portfolio,BALANCED,USD,MEDIUM,1058561.21,1067294.94,2025-08-18,ACTIVE
P10044,C10002,Index Portfolio,INDEX,GBP,MEDIUM,2494090.26,2673903.65,2025-08-23,ACTIVE
P10045,C10009,Fixed Income Portfolio,FIXED_INCOME,EUR,LOW,318182.59,308753.44,2025-08-28,ACTIVE
P10046,C10016,Equity Growth Portfolio,EQUITY_GROWTH,INR,HIGH,363157.91,398761.23,2025-09-02,ACTIVE
P10047,C10023,Income Portfolio,INCOME,CAD,LOW,2000990.47,2106793.23,2025-09-07,ACTIVE
P10048,C10030,Balanced Portfolio,BALANCED,SGD,MEDIUM,252466.49,263563.97,2025-09-12,ACTIVE
P10049,C10037,Index Portfolio,INDEX,USD,MEDIUM,2490691.31,2680992.97,2025-09-17,ACTIVE
P10050,C10044,Fixed Income Portfolio,FIXED_INCOME,GBP,LOW,2430588.11,2793648.79,2025-09-22,ACTIVE
P10051,C10001,Equity Growth Portfolio,EQUITY_GROWTH,EUR,HIGH,127554.45,142677.15,2025-01-20,ACTIVE
P10052,C10008,Income Portfolio,INCOME,INR,LOW,1736104.89,1871752.79,2025-01-25,ACTIVE
P10053,C10015,Balanced Portfolio,BALANCED,CAD,MEDIUM,740380.46,815167.47,2025-01-30,ACTIVE
P10054,C10022,Index Portfolio,INDEX,SGD,MEDIUM,367725.22,388188.52,2025-02-04,ACTIVE
P10055,C10029,Fixed Income Portfolio,FIXED_INCOME,USD,LOW,1188936.9,1390865.35,2025-02-09,ACTIVE
P10056,C10036,Equity Growth Portfolio,EQUITY_GROWTH,GBP,HIGH,2202047.06,2241564.1,2025-02-14,ACTIVE
P10057,C10043,Income Portfolio,INCOME,EUR,LOW,1301406.67,1300500.13,2025-02-19,ACTIVE
P10058,C10050,Balanced Portfolio,BALANCED,INR,MEDIUM,2290306.81,2637320.55,2025-02-24,ACTIVE
P10059,C10007,Index Portfolio,INDEX,CAD,MEDIUM,816267.5,898358.62,2025-03-01,ACTIVE
P10060,C10014,Fixed Income Portfolio,FIXED_INCOME,SGD,LOW,1561528.51,1551573.2,2025-03-06,ACTIVE
P10061,C10021,Equity Growth Portfolio,EQUITY_GROWTH,USD,HIGH,1930025.92,2081848.3,2025-03-11,ACTIVE
P10062,C10028,Income Portfolio,INCOME,GBP,LOW,1968703.55,2119659.42,2025-03-16,ACTIVE
P10063,C10035,Balanced Portfolio,BALANCED,EUR,MEDIUM,101372.55,104546.96,2025-03-21,ACTIVE
P10064,C10042,Index Portfolio,INDEX,INR,MEDIUM,146744.18,170869.17,2025-03-26,ACTIVE
P10065,C10049,Fixed Income Portfolio,FIXED_INCOME,CAD,LOW,2208932.51,2524735.68,2025-03-31,ACTIVE
P10066,C10006,Equity Growth Portfolio,EQUITY_GROWTH,SGD,HIGH,838033.9,815192.06,2025-04-05,ACTIVE
P10067,C10013,Income Portfolio,INCOME,USD,LOW,2207223.04,2578762.42,2025-04-10,ACTIVE
P10068,C10020,Balanced Portfolio,BALANCED,GBP,MEDIUM,305568.28,326016.27,2025-04-15,ACTIVE
P10069,C10027,Index Portfolio,INDEX,EUR,MEDIUM,266110.04,299994.49,2025-04-20,ACTIVE
P10070,C10034,Fixed Income Portfolio,FIXED_INCOME,INR,LOW,1938002.63,1915223.58,2025-04-25,ACTIVE
P10071,C10041,Equity Growth Portfolio,EQUITY_GROWTH,CAD,HIGH,1240677.71,1341119.0,2025-04-30,ACTIVE
P10072,C10048,Income Portfolio,INCOME,SGD,LOW,736135.91,847980.92,2025-05-05,ACTIVE
P10073,C10005,Balanced Portfolio,BALANCED,USD,MEDIUM,1115531.06,1122888.66,2025-05-10,ACTIVE
P10074,C10012,Index Portfolio,INDEX,GBP,MEDIUM,1394310.61,1562443.33,2025-05-15,ACTIVE
P10075,C10019,Fixed Income Portfolio,FIXED_INCOME,EUR,LOW,582762.55,599416.5,2025-05-20,ACTIVE
P10076,C10026,Equity Growth Portfolio,EQUITY_GROWTH,INR,HIGH,2488358.46,2744592.63,2025-05-25,ACTIVE
P10077,C10033,Income Portfolio,INCOME,CAD,LOW,1151440.2,1236493.27,2025-05-30,ACTIVE
P10078,C10040,Balanced Portfolio,BALANCED,SGD,MEDIUM,390410.07,394092.97,2025-06-04,ACTIVE
P10079,C10047,Index Portfolio,INDEX,USD,MEDIUM,911405.35,992910.43,2025-06-09,ACTIVE
P10080,C10004,Fixed Income Portfolio,FIXED_INCOME,GBP,LOW,652275.36,657785.67,2025-06-14,ACTIVE
P10081,C10011,Equity Growth Portfolio,EQUITY_GROWTH,EUR,HIGH,270383.41,297108.82,2025-06-19,ACTIVE
P10082,C10018,Income Portfolio,INCOME,INR,LOW,649460.28,752849.42,2025-06-24,ACTIVE
P10083,C10025,Balanced Portfolio,BALANCED,CAD,MEDIUM,2163124.96,2110320.09,2025-06-29,ACTIVE
P10084,C10032,Index Portfolio,INDEX,SGD,MEDIUM,671211.12,743148.25,2025-07-04,ACTIVE
P10085,C10039,Fixed Income Portfolio,FIXED_INCOME,USD,LOW,614168.34,607479.19,2025-07-09,ACTIVE
P10086,C10046,Equity Growth Portfolio,EQUITY_GROWTH,GBP,HIGH,2345234.18,2546055.36,2025-07-14,ACTIVE
P10087,C10003,Income Portfolio,INCOME,EUR,LOW,1234410.46,1398113.37,2025-07-19,ACTIVE
P10088,C10010,Balanced Portfolio,BALANCED,INR,MEDIUM,2037992.79,2041844.97,2025-07-24,ACTIVE
P10089,C10017,Index Portfolio,INDEX,CAD,MEDIUM,332633.95,350872.69,2025-07-29,ACTIVE
P10090,C10024,Fixed Income Portfolio,FIXED_INCOME,SGD,LOW,1116588.7,1186649.53,2025-08-03,ACTIVE
P10091,C10031,Equity Growth Portfolio,EQUITY_GROWTH,USD,HIGH,1849782.04,2049817.84,2025-08-08,ACTIVE
P10092,C10038,Income Portfolio,INCOME,GBP,LOW,2461996.51,2416823.63,2025-08-13,ACTIVE
P10093,C10045,Balanced Portfolio,BALANCED,EUR,MEDIUM,1066291.08,1103234.41,2025-08-18,ACTIVE
P10094,C10002,Index Portfolio,INDEX,INR,MEDIUM,2168014.09,2199893.42,2025-08-23,ACTIVE
P10095,C10009,Fixed Income Portfolio,FIXED_INCOME,CAD,LOW,556501.38,589165.22,2025-08-28,INACTIVE
P10096,C10016,Equity Growth Portfolio,EQUITY_GROWTH,SGD,HIGH,1112515.94,1136190.2,2025-09-02,INACTIVE
P10097,C10023,Income Portfolio,INCOME,USD,LOW,699535.47,813642.6,2025-09-07,INACTIVE
P10098,C10030,Balanced Portfolio,BALANCED,GBP,MEDIUM,1163513.79,1337455.38,2025-09-12,INACTIVE
P10099,C10037,Index Portfolio,INDEX,EUR,MEDIUM,1420780.75,1379762.0,2025-09-17,INACTIVE
P10100,C10044,Fixed Income Portfolio,FIXED_INCOME,INR,LOW,2498277.92,2857845.24,2025-09-22,INACTIVE
